user_id,name,email,phone,event_user_id,event_name,event_ts
10000,User 10000,user10000@company.com,+1-603-6870,10000,purchase,2025-01-31 19:00:00
10001,User 10001,user10001@company.com,+1-520-1393,10001,view,2025-02-01 01:00:00Z
10002,,user10002@company.com,,10002,,
10003,User 10003,user10003@company.com,+1-420-8552,1010002,view,2025-01-31 22:00:00
10004,User 10004,user10004@company.com,+1-571-6283,10004,purchase,2025-02-01 04:00:00Z
10005,User 10005,user10005@company.com,970-3022,10005,login,2025-02-01 05:00:00Z
10006,User 10006,user10006@company.com,+1-876-7765,10006,login,2025-02-01 01:00:00
10007,User 10007,user10007@company.com,+1-503-3372,10007,logout,2025-02-01 02:00:00
10008,User 10008,user10008@company.com,+1-418-4779,10008,logout,2025-02-01 08:00:00Z
10009,User 10009,user10009@company.com,+1-710-5058,10009,purchase,2025-02-01 09:00:00Z
10010,User 10010,user10010@company.com,+1-317-9596,10010,logout,2025-02-01 05:00:00
10011,User 10011,user10011@company.com,+1-510-9026,10011,logout,2025-02-01 11:00:00Z
10012,User 10012,user10012@company.com,351-3507,10012,purchase,2025-02-01 07:00:00
10013,User 10013,USER10013@COMPANY.COM,+1-820-3506,1010012,view,2025-02-01 08:00:00
10014,User 10014,user10014@company.com,+1-915-4797,10014,purchase,2025-02-01 14:00:00Z
10015,User 10015,user10015@company.com,+1-565-1036,10015,logout,2025-02-01 15:00:00Z
10016,User 10016,user10016@company.com,+1-537-3780,10016,view,2025-02-01 16:00:00Z
10017,User 10017,user10017@company.com,+1-637-9564,10017,view,2025-02-01 12:00:00
10018,User 10018,user10018@company.com,+1-211-8543,10018,view,2025-02-01 13:00:00
10019,User 10019,user10019@company.com,+1-519-5815,10019,logout,2025-02-01 19:00:00Z
10020,User 10020,user10020@company.com,575-5368,10020,view,2025-02-01 20:00:00Z
10021,User 10021,user10021@company.com,+1-858-9505,10021,logout,2025-02-01 21:00:00Z
10022,User 10022,user10022@company.com,+1-990-6337,10022,purchase,2025-02-01 22:00:00Z
10023,User 10023,user10023@company.com,+1-759-9484,1010022,logout,2025-02-01 18:00:00
10024,User 10024,user10024@company.com,+1-945-9979,10024,view,2025-02-02 00:00:00Z
10025,User 10025,user10025@company.com,+1-237-1303,10025,view,2025-02-02 01:00:00Z
10026,User 10026,user10026@company.com,663-2066,10026,logout,2025-02-02 02:00:00Z
10027,,user10027@company.com,,10027,,
10028,User 10028,user10028@company.com,301-2135,10028,view,2025-02-02 04:00:00Z
10029,User 10029,user10029@company.com,284-4076,10029,purchase,2025-02-02 05:00:00Z
10030,User 10030,user10030@company.com,+1-875-3699,10030,login,2025-02-02 06:00:00Z
10031,,user10031@company.com,,10031,,
10032,User 10032,user10032@company.com,+1-681-1455,10032,purchase,2025-02-02 08:00:00Z
10033,User 10033,user10033@company.com,+1-740-5058,10033,login,2025-02-02 09:00:00Z
10034,User 10034,user10034@company.com,+1-311-5998,10034,purchase,2025-02-02 10:00:00Z
10035,User 10035,user10035@company.com,687-2072,10035,login,2025-02-02 11:00:00Z
10036,User 10036,user10036@company.com,+1-599-4072,10036,purchase,2025-02-02 12:00:00Z
10037,User 10037,user10037@company.com,801-5540,10037,view,2025-02-02 08:00:00
10038,User 10038,user10038@company.com,+1-226-3735,10038,purchase,2025-02-02 14:00:00Z
10039,User 10039,user10039@company.com,+1-649-4760,10039,view,2025-02-02 10:00:00
10040,User 10040,user10040@company.com,+1-413-4730,10040,view,2025-02-02 16:00:00Z
10041,User 10041,user10041@company.com,+1-461-1839,10041,login,2025-02-02 17:00:00Z
10042,User 10042,user10042@company.com,+1-756-6291,10042,logout,2025-02-02 13:00:00
10043,User 10043,user10043@company.com,+1-623-1666,10043,view,2025-02-02 19:00:00Z
10044,User 10044,user10044@company.com,+1-735-6224,10044,purchase,2025-02-02 20:00:00Z
10045,User 10045,USER10045@COMPANY.COM,+1-844-1745,10045,view,2025-02-02 21:00:00Z
10046,User 10046,user10046@company.com,+1-459-5851,10046,login,2025-02-02 22:00:00Z
10047,User 10047,user10047@company.com,+1-305-8656,10047,purchase,2025-02-02 23:00:00Z
10048,User 10048,user10048@company.com,396-3598,10048,login,2025-02-02 19:00:00
10049,User 10049,user10049@company.com,+1-510-1744,10049,logout,2025-02-03 01:00:00Z
10050,User 10050,user10050@company.com,+1-339-3884,10050,login,2025-02-03 02:00:00Z
10051,User 10051,user10051@company.com,+1-365-4820,10051,login,2025-02-03 03:00:00Z
10052,User 10052,user10052@company.com,+1-711-6508,10052,logout,2025-02-03 04:00:00Z
10053,User 10053,user10053@company.com,+1-894-2363,10053,purchase,2025-02-03 05:00:00Z
10054,User 10054,user10054@company.com,+1-711-1035,10054,view,2025-02-03 06:00:00Z
10055,User 10055,user10055@company.com,+1-203-8586,10055,view,2025-02-03 07:00:00Z
10056,,user10056@company.com,,10056,,
10057,User 10057,user10057@company.com,+1-896-6162,10057,purchase,2025-02-03 09:00:00Z
10058,User 10058,user10058@company.com,752-8211,10058,logout,2025-02-03 05:00:00
10059,User 10059,user10059@company.com,+1-725-7868,10059,login,2025-02-03 06:00:00
10060,User 10060,user10060@company.com,+1-301-8756,10060,logout,2025-02-03 12:00:00Z
10061,,user10061@company.com,,10061,,
10062,User 10062,user10062@company.com,+1-331-2743,10062,logout,2025-02-03 09:00:00
10063,User 10063,user10063@company.com,+1-322-1114,10063,login,2025-02-03 10:00:00
10064,User 10064,user10064@company.com,+1-422-4564,10064,login,2025-02-03 16:00:00Z
10065,User 10065,user10065@company.com,+1-955-6457,10065,logout,2025-02-03 12:00:00
10066,User 10066,user10066@company.com,+1-807-6098,10066,logout,2025-02-03 18:00:00Z
10067,User 10067,user10067@company.com,839-8908,10067,login,2025-02-03 19:00:00Z
10068,User 10068,user10068@company.com,917-8449,10068,view,2025-02-03 20:00:00Z
10069,User 10069,user10069@company.com,+1-754-5468,10069,logout,2025-02-03 21:00:00Z
10070,User 10070,user10070@company.com,336-2104,10070,login,2025-02-03 22:00:00Z
10071,,USER10071@COMPANY.COM,,10071,,
10072,,user10072@company.com,,10072,,
10073,User 10073,user10073@company.com,260-8926,10073,logout,2025-02-04 01:00:00Z
10074,User 10074,user10074@company.com,+1-425-7066,10074,view,2025-02-04 02:00:00Z
10075,User 10075,user10075@company.com,+1-566-6929,10075,view,2025-02-04 03:00:00Z
10076,User 10076,user10076@company.com,+1-591-8460,10076,login,2025-02-04 04:00:00Z
10077,,user10077@company.com,,10077,,
10078,,user10078@company.com,,10078,,
10079,User 10079,user10079@company.com,332-4615,10079,purchase,2025-02-04 02:00:00
10080,User 10080,user10080@company.com,+1-794-4595,10080,login,2025-02-04 08:00:00Z
10081,User 10081,user10081@company.com,996-5376,10081,logout,2025-02-04 09:00:00Z
10082,User 10082,user10082@company.com,+1-904-8934,10082,view,2025-02-04 05:00:00
10083,User 10083,user10083@company.com,+1-386-6773,10083,logout,2025-02-04 11:00:00Z
10084,User 10084,user10084@company.com,+1-958-8428,10084,purchase,2025-02-04 07:00:00
10085,User 10085,user10085@company.com,+1-589-5523,1010084,purchase,2025-02-04 13:00:00Z
10086,User 10086,user10086@company.com,+1-835-5827,10086,login,2025-02-04 14:00:00Z
10087,User 10087,user10087@company.com,+1-633-7288,10087,login,2025-02-04 15:00:00Z
10088,User 10088,user10088@company.com,988-7250,10088,login,2025-02-04 16:00:00Z
10089,User 10089,user10089@company.com,+1-602-2975,10089,view,2025-02-04 17:00:00Z
10090,User 10090,user10090@company.com,+1-431-9341,10090,logout,2025-02-04 18:00:00Z
10091,User 10091,user10091@company.com,+1-870-3021,1010090,login,2025-02-04 19:00:00Z
10092,User 10092,user10092@company.com,+1-485-6922,10092,logout,2025-02-04 20:00:00Z
10093,User 10093,user10093@company.com,+1-709-4260,10093,login,2025-02-04 21:00:00Z
10094,User 10094,user10094@company.com,+1-762-3533,10094,view,2025-02-04 22:00:00Z
10095,User 10095,user10095@company.com,+1-916-9938,10095,logout,2025-02-04 23:00:00Z
10096,User 10096,user10096@company.com,+1-416-7115,10096,purchase,2025-02-05 00:00:00Z
10097,User 10097,user10097@company.com,643-3549,10097,purchase,2025-02-04 20:00:00
10098,User 10098,user10098@company.com,+1-703-7543,10098,purchase,2025-02-05 02:00:00Z
10099,User 10099,user10099@company.com,606-7773,10099,logout,2025-02-04 22:00:00
10100,User 10100,user10100@company.com,+1-958-4265,10100,view,2025-02-05 04:00:00Z
10101,User 10101,user10101@company.com,488-9397,10101,view,2025-02-05 05:00:00Z
10102,User 10102,user10102@company.com,+1-833-9724,10102,purchase,2025-02-05 06:00:00Z
10103,User 10103,user10103@company.com,+1-809-3388,10103,login,2025-02-05 07:00:00Z
10104,User 10104,user10104@company.com,+1-655-7575,10104,logout,2025-02-05 08:00:00Z
10105,User 10105,user10105@company.com,+1-493-2816,10105,logout,2025-02-05 09:00:00Z
10106,User 10106,user10106@company.com,+1-785-2965,10106,logout,2025-02-05 10:00:00Z
10107,User 10107,user10107@company.com,+1-972-7953,10107,logout,2025-02-05 11:00:00Z
10108,User 10108,user10108@company.com,840-9505,10108,logout,2025-02-05 12:00:00Z
10109,User 10109,user10109@company.com,+1-934-5463,10109,logout,2025-02-05 08:00:00
10110,User 10110,user10110@company.com,493-3825,10110,login,2025-02-05 09:00:00
10111,User 10111,user10111@company.com,+1-779-3540,1010110,purchase,2025-02-05 15:00:00Z
10112,User 10112,user10112@company.com,760-5083,10112,login,2025-02-05 11:00:00
10113,User 10113,user10113@company.com,+1-384-6761,10113,login,2025-02-05 12:00:00
10114,User 10114,user10114@company.com,+1-320-9269,10114,view,2025-02-05 13:00:00
10115,User 10115,user10115@company.com,+1-427-7726,10115,login,2025-02-05 19:00:00Z
10116,User 10116,user10116@company.com,+1-648-8915,10116,logout,2025-02-05 20:00:00Z
10117,User 10117,user10117@company.com,+1-796-7828,10117,logout,2025-02-05 21:00:00Z
10118,User 10118,user10118@company.com,628-4873,10118,login,2025-02-05 22:00:00Z
10119,User 10119,user10119@company.com,+1-277-9580,10119,logout,2025-02-05 23:00:00Z
10120,User 10120,user10120@company.com,+1-641-6462,10120,view,2025-02-06 00:00:00Z
10121,,user10121@company.com,,10121,,
10122,,user10122@company.com,,10122,,
10123,User 10123,user10123@company.com,+1-338-7780,10123,login,2025-02-06 03:00:00Z
10124,User 10124,user10124@company.com,+1-742-6141,10124,logout,2025-02-06 04:00:00Z
10125,,user10125@company.com,,10125,,
10126,User 10126,user10126@company.com,+1-349-9224,10126,logout,2025-02-06 06:00:00Z
10127,User 10127,user10127@company.com,+1-413-5570,10127,view,2025-02-06 07:00:00Z
10128,,user10128@company.com,,10128,,
10129,User 10129,user10129@company.com,+1-930-9428,10129,logout,2025-02-06 09:00:00Z
10130,User 10130,user10130@company.com,+1-660-9649,10130,purchase,2025-02-06 10:00:00Z
10131,User 10131,user10131@company.com,+1-250-6865,10131,logout,2025-02-06 06:00:00
10132,,user10132@company.com,,10132,,
10133,User 10133,user10133@company.com,599-2302,10133,login,2025-02-06 08:00:00
10134,,user10134@company.com,,10134,,
10135,User 10135,user10135@company.com,+1-888-3739,10135,login,2025-02-06 10:00:00
10136,User 10136,user10136@company.com,+1-413-1089,10136,view,2025-02-06 16:00:00Z
10137,User 10137,USER10137@COMPANY.COM,230-8632,10137,view,2025-02-06 17:00:00Z
10138,User 10138,user10138@company.com,+1-496-3013,10138,purchase,2025-02-06 13:00:00
10139,User 10139,user10139@company.com,+1-986-2434,10139,view,2025-02-06 19:00:00Z
10140,User 10140,user10140@company.com,+1-280-5427,10140,login,2025-02-06 20:00:00Z
10141,User 10141,user10141@company.com,+1-216-6752,10141,logout,2025-02-06 16:00:00
10142,User 10142,user10142@company.com,+1-320-1363,10142,login,2025-02-06 22:00:00Z
10143,User 10143,user10143@company.com,+1-917-2146,10143,purchase,2025-02-06 23:00:00Z
10144,User 10144,user10144@company.com,+1-586-9637,10144,logout,2025-02-07 00:00:00Z
10145,User 10145,user10145@company.com,+1-975-6489,1010144,view,2025-02-07 01:00:00Z
10146,User 10146,user10146@company.com,+1-884-9395,10146,logout,2025-02-07 02:00:00Z
10147,,user10147@company.com,,10147,,
10148,User 10148,user10148@company.com,+1-442-8202,10148,view,2025-02-07 04:00:00Z
10149,User 10149,user10149@company.com,+1-966-2316,10149,purchase,2025-02-07 00:00:00
10150,User 10150,user10150@company.com,+1-899-6587,10150,logout,2025-02-07 01:00:00
10151,User 10151,user10151@company.com,+1-427-8237,10151,view,2025-02-07 07:00:00Z
10152,User 10152,user10152@company.com,+1-241-2512,10152,view,2025-02-07 08:00:00Z
10153,User 10153,user10153@company.com,+1-768-1820,10153,purchase,2025-02-07 09:00:00Z
10154,User 10154,user10154@company.com,+1-832-6817,10154,logout,2025-02-07 10:00:00Z
10155,User 10155,user10155@company.com,+1-676-5310,10155,login,2025-02-07 11:00:00Z
10156,User 10156,USER10156@COMPANY.COM,+1-486-5841,10156,logout,2025-02-07 07:00:00
10157,User 10157,user10157@company.com,+1-994-7244,10157,logout,2025-02-07 08:00:00
10158,User 10158,user10158@company.com,+1-822-8623,10158,purchase,2025-02-07 14:00:00Z
10159,User 10159,user10159@company.com,+1-833-6732,10159,logout,2025-02-07 15:00:00Z
10160,User 10160,user10160@company.com,+1-891-8478,1010159,view,2025-02-07 16:00:00Z
10161,User 10161,user10161@company.com,+1-476-9762,10161,view,2025-02-07 12:00:00
10162,User 10162,user10162@company.com,+1-346-9899,10162,purchase,2025-02-07 18:00:00Z
10163,User 10163,user10163@company.com,+1-208-4533,1010162,view,2025-02-07 19:00:00Z
10164,User 10164,user10164@company.com,+1-783-3175,10164,logout,2025-02-07 15:00:00
10165,User 10165,user10165@company.com,+1-374-8764,1010164,logout,2025-02-07 21:00:00Z
10166,User 10166,user10166@company.com,+1-931-3972,10166,purchase,2025-02-07 22:00:00Z
10167,User 10167,user10167@company.com,+1-426-8255,10167,login,2025-02-07 18:00:00
10168,User 10168,user10168@company.com,+1-765-2814,1010167,login,2025-02-08 00:00:00Z
10169,User 10169,user10169@company.com,+1-333-2573,10169,view,2025-02-08 01:00:00Z
10170,User 10170,user10170@company.com,+1-271-4904,10170,view,2025-02-08 02:00:00Z
10171,User 10171,user10171@company.com,933-4525,10171,purchase,2025-02-08 03:00:00Z
10172,User 10172,user10172@company.com,+1-374-1734,10172,login,2025-02-08 04:00:00Z
10173,User 10173,user10173@company.com,820-9626,10173,view,2025-02-08 05:00:00Z
10174,User 10174,user10174@company.com,+1-331-3917,10174,purchase,2025-02-08 01:00:00
10175,User 10175,user10175@company.com,+1-451-2041,10175,purchase,2025-02-08 07:00:00Z
10176,User 10176,user10176@company.com,+1-370-3222,10176,logout,2025-02-08 08:00:00Z
10177,User 10177,user10177@company.com,+1-528-1657,10177,login,2025-02-08 09:00:00Z
10178,User 10178,user10178@company.com,+1-852-6048,10178,login,2025-02-08 05:00:00
10179,User 10179,user10179@company.com,+1-755-8144,10179,login,2025-02-08 11:00:00Z
10180,User 10180,user10180@company.com,215-7029,10180,logout,2025-02-08 12:00:00Z
10181,User 10181,user10181@company.com,+1-336-4593,10181,view,2025-02-08 13:00:00Z
10182,User 10182,user10182@company.com,+1-956-8061,10182,logout,2025-02-08 09:00:00
10183,,user10183@company.com,,10183,,
10184,User 10184,user10184@company.com,+1-682-1062,10184,logout,2025-02-08 11:00:00
10185,User 10185,user10185@company.com,+1-517-4667,10185,view,2025-02-08 17:00:00Z
10186,,user10186@company.com,,10186,,
10187,,user10187@company.com,,10187,,
10188,User 10188,user10188@company.com,+1-534-2276,10188,purchase,2025-02-08 20:00:00Z
10189,User 10189,user10189@company.com,+1-631-3692,10189,purchase,2025-02-08 21:00:00Z
10190,User 10190,user10190@company.com,+1-611-3971,10190,login,2025-02-08 22:00:00Z
10191,User 10191,user10191@company.com,+1-943-6225,10191,logout,2025-02-08 18:00:00
10192,User 10192,user10192@company.com,+1-507-9405,10192,view,2025-02-09 00:00:00Z
10193,User 10193,user10193@company.com,+1-494-6288,10193,logout,2025-02-09 01:00:00Z
10194,User 10194,user10194@company.com,825-8590,10194,purchase,2025-02-09 02:00:00Z
10195,User 10195,user10195@company.com,877-9806,10195,login,2025-02-08 22:00:00
10196,User 10196,user10196@company.com,+1-317-5741,10196,view,2025-02-09 04:00:00Z
10197,User 10197,user10197@company.com,+1-838-1921,10197,purchase,2025-02-09 05:00:00Z
10198,User 10198,user10198@company.com,+1-783-1440,1010197,login,2025-02-09 06:00:00Z
10199,User 10199,user10199@company.com,+1-833-8586,10199,purchase,2025-02-09 07:00:00Z
10200,User 10200,user10200@company.com,+1-786-6697,1010199,logout,2025-02-09 03:00:00
10201,,user10201@company.com,,10201,,
10202,User 10202,user10202@company.com,+1-754-7567,10202,logout,2025-02-09 05:00:00
10203,User 10203,user10203@company.com,+1-283-1028,1010202,logout,2025-02-09 11:00:00Z
10204,User 10204,user10204@company.com,+1-912-8686,10204,login,2025-02-09 12:00:00Z
10205,User 10205,user10205@company.com,+1-519-7486,10205,login,2025-02-09 13:00:00Z
10206,User 10206,user10206@company.com,424-5858,1010205,view,2025-02-09 14:00:00Z
10207,User 10207,user10207@company.com,557-7133,10207,login,2025-02-09 10:00:00
10208,User 10208,user10208@company.com,+1-679-6341,10208,purchase,2025-02-09 16:00:00Z
10209,User 10209,user10209@company.com,+1-805-5012,10209,purchase,2025-02-09 17:00:00Z
10210,User 10210,user10210@company.com,+1-255-5488,10210,purchase,2025-02-09 13:00:00
10211,User 10211,user10211@company.com,+1-319-1057,10211,login,2025-02-09 19:00:00Z
10212,User 10212,user10212@company.com,326-6896,10212,logout,2025-02-09 20:00:00Z
10213,,user10213@company.com,,10213,,
10214,User 10214,user10214@company.com,413-4916,10214,view,2025-02-09 22:00:00Z
10215,User 10215,user10215@company.com,399-2141,10215,purchase,2025-02-09 23:00:00Z
10216,User 10216,user10216@company.com,+1-260-6731,10216,login,2025-02-10 00:00:00Z
10217,User 10217,user10217@company.com,+1-720-4985,10217,view,2025-02-10 01:00:00Z
10218,User 10218,user10218@company.com,+1-406-2486,10218,purchase,2025-02-10 02:00:00Z
10219,User 10219,user10219@company.com,+1-885-5229,10219,view,2025-02-10 03:00:00Z
10220,User 10220,user10220@company.com,+1-760-2310,10220,view,2025-02-10 04:00:00Z
10221,User 10221,user10221@company.com,+1-896-8373,10221,purchase,2025-02-10 05:00:00Z
10222,User 10222,user10222@company.com,+1-225-5350,10222,view,2025-02-10 01:00:00
10223,User 10223,user10223@company.com,+1-485-7773,10223,view,2025-02-10 07:00:00Z
10224,User 10224,user10224@company.com,+1-914-2072,1010223,logout,2025-02-10 03:00:00
10225,User 10225,user10225@company.com,207-1756,1010224,logout,2025-02-10 04:00:00
10226,User 10226,user10226@company.com,+1-376-8644,10226,login,2025-02-10 10:00:00Z
10227,User 10227,user10227@company.com,+1-481-4914,10227,login,2025-02-10 11:00:00Z
10228,User 10228,user10228@company.com,+1-437-7978,10228,login,2025-02-10 12:00:00Z
10229,User 10229,user10229@company.com,+1-939-1889,1010228,view,2025-02-10 13:00:00Z
10230,User 10230,user10230@company.com,+1-444-3130,10230,view,2025-02-10 14:00:00Z
10231,,user10231@company.com,,10231,,
10232,User 10232,user10232@company.com,+1-490-2046,10232,purchase,2025-02-10 16:00:00Z
10233,User 10233,user10233@company.com,+1-523-5838,10233,view,2025-02-10 12:00:00
10234,User 10234,user10234@company.com,+1-410-3498,10234,purchase,2025-02-10 18:00:00Z
10235,User 10235,user10235@company.com,+1-470-3708,10235,view,2025-02-10 19:00:00Z
10236,User 10236,user10236@company.com,477-1447,10236,view,2025-02-10 20:00:00Z
10237,User 10237,USER10237@COMPANY.COM,+1-914-7121,1010236,purchase,2025-02-10 21:00:00Z
10238,User 10238,user10238@company.com,+1-989-1433,10238,login,2025-02-10 22:00:00Z
10239,User 10239,user10239@company.com,+1-207-4022,10239,login,2025-02-10 18:00:00
10240,User 10240,user10240@company.com,+1-580-5813,10240,view,2025-02-11 00:00:00Z
10241,User 10241,user10241@company.com,+1-651-9751,10241,purchase,2025-02-11 01:00:00Z
10242,User 10242,user10242@company.com,+1-959-8669,10242,purchase,2025-02-11 02:00:00Z
10243,User 10243,user10243@company.com,+1-615-5379,1010242,logout,2025-02-10 22:00:00
10244,User 10244,user10244@company.com,+1-864-8324,10244,view,2025-02-10 23:00:00
10245,User 10245,user10245@company.com,+1-915-4132,1010244,view,2025-02-11 05:00:00Z
10246,User 10246,user10246@company.com,894-1300,10246,logout,2025-02-11 06:00:00Z
10247,User 10247,user10247@company.com,812-2862,10247,login,2025-02-11 07:00:00Z
10248,,user10248@company.com,,10248,,
10249,User 10249,user10249@company.com,+1-260-3897,10249,view,2025-02-11 09:00:00Z
10250,,user10250@company.com,,10250,,
10251,User 10251,user10251@company.com,+1-255-4099,10251,login,2025-02-11 11:00:00Z
10252,User 10252,user10252@company.com,464-5744,10252,view,2025-02-11 12:00:00Z
10253,User 10253,user10253@company.com,+1-515-5565,10253,logout,2025-02-11 13:00:00Z
10254,User 10254,user10254@company.com,+1-515-3350,10254,logout,2025-02-11 09:00:00
10255,User 10255,user10255@company.com,+1-360-8670,10255,view,2025-02-11 15:00:00Z
10256,User 10256,user10256@company.com,675-4681,10256,login,2025-02-11 16:00:00Z
10257,User 10257,user10257@company.com,+1-383-2833,10257,view,2025-02-11 12:00:00
10258,User 10258,user10258@company.com,+1-723-6011,10258,logout,2025-02-11 13:00:00
10259,User 10259,user10259@company.com,+1-427-6295,10259,view,2025-02-11 19:00:00Z
10260,User 10260,user10260@company.com,+1-537-6403,1010259,purchase,2025-02-11 20:00:00Z
10261,User 10261,user10261@company.com,+1-674-7487,10261,logout,2025-02-11 21:00:00Z
10262,User 10262,user10262@company.com,+1-872-4765,10262,login,2025-02-11 17:00:00
10263,User 10263,user10263@company.com,+1-898-2608,10263,purchase,2025-02-11 18:00:00
10264,User 10264,user10264@company.com,+1-552-9389,10264,view,2025-02-11 19:00:00
10265,User 10265,user10265@company.com,+1-866-6833,10265,view,2025-02-11 20:00:00
10266,User 10266,user10266@company.com,+1-794-2181,10266,purchase,2025-02-11 21:00:00
10267,User 10267,user10267@company.com,+1-856-2832,10267,view,2025-02-12 03:00:00Z
10268,User 10268,user10268@company.com,+1-307-4657,10268,login,2025-02-12 04:00:00Z
10269,User 10269,user10269@company.com,+1-935-6440,10269,purchase,2025-02-12 05:00:00Z
10270,User 10270,user10270@company.com,434-9887,10270,purchase,2025-02-12 06:00:00Z
10271,User 10271,user10271@company.com,+1-949-3154,10271,purchase,2025-02-12 07:00:00Z
10272,User 10272,user10272@company.com,+1-748-7384,10272,purchase,2025-02-12 08:00:00Z
10273,User 10273,user10273@company.com,+1-768-9366,10273,view,2025-02-12 04:00:00
10274,User 10274,user10274@company.com,+1-549-4465,10274,view,2025-02-12 10:00:00Z
10275,User 10275,user10275@company.com,+1-315-7359,10275,logout,2025-02-12 11:00:00Z
10276,User 10276,user10276@company.com,+1-737-2428,10276,purchase,2025-02-12 12:00:00Z
10277,,user10277@company.com,,10277,,
10278,User 10278,user10278@company.com,+1-301-3659,10278,logout,2025-02-12 09:00:00
10279,User 10279,user10279@company.com,438-4393,10279,view,2025-02-12 15:00:00Z
10280,User 10280,user10280@company.com,513-3581,10280,purchase,2025-02-12 11:00:00
10281,User 10281,user10281@company.com,820-8018,10281,logout,2025-02-12 17:00:00Z
10282,User 10282,user10282@company.com,+1-604-6072,10282,logout,2025-02-12 18:00:00Z
10283,User 10283,user10283@company.com,+1-704-8174,10283,login,2025-02-12 19:00:00Z
10284,User 10284,user10284@company.com,+1-272-4319,10284,logout,2025-02-12 20:00:00Z
10285,User 10285,user10285@company.com,+1-274-3979,10285,login,2025-02-12 21:00:00Z
10286,User 10286,user10286@company.com,+1-711-3923,10286,login,2025-02-12 17:00:00
10287,User 10287,user10287@company.com,+1-687-3197,10287,purchase,2025-02-12 23:00:00Z
10288,User 10288,user10288@company.com,+1-290-7349,10288,view,2025-02-12 19:00:00
10289,User 10289,user10289@company.com,947-8967,10289,logout,2025-02-12 20:00:00
10290,User 10290,user10290@company.com,+1-225-2623,10290,login,2025-02-13 02:00:00Z
10291,User 10291,user10291@company.com,+1-661-1331,10291,view,2025-02-13 03:00:00Z
10292,User 10292,user10292@company.com,+1-609-1518,10292,view,2025-02-13 04:00:00Z
10293,User 10293,user10293@company.com,+1-895-1385,1010292,purchase,2025-02-13 00:00:00
10294,User 10294,user10294@company.com,+1-734-5402,10294,purchase,2025-02-13 06:00:00Z
10295,User 10295,user10295@company.com,+1-630-7910,10295,purchase,2025-02-13 07:00:00Z
10296,User 10296,user10296@company.com,+1-549-4074,10296,view,2025-02-13 08:00:00Z
10297,User 10297,user10297@company.com,+1-480-4634,10297,login,2025-02-13 04:00:00
10298,User 10298,user10298@company.com,+1-424-9032,10298,logout,2025-02-13 10:00:00Z
10299,User 10299,user10299@company.com,742-9253,10299,logout,2025-02-13 11:00:00Z
10300,User 10300,user10300@company.com,+1-384-1764,10300,logout,2025-02-13 12:00:00Z
10301,,user10301@company.com,,10301,,
10302,User 10302,user10302@company.com,+1-561-9858,10302,login,2025-02-13 14:00:00Z
10303,User 10303,user10303@company.com,+1-827-8164,10303,login,2025-02-13 15:00:00Z
10304,User 10304,user10304@company.com,+1-724-9176,10304,view,2025-02-13 11:00:00
10305,User 10305,user10305@company.com,+1-366-8231,10305,login,2025-02-13 12:00:00
10306,,user10306@company.com,,10306,,
10307,User 10307,user10307@company.com,+1-348-5729,10307,login,2025-02-13 19:00:00Z
10308,User 10308,USER10308@COMPANY.COM,+1-286-7328,10308,purchase,2025-02-13 15:00:00
10309,User 10309,user10309@company.com,+1-748-7315,10309,view,2025-02-13 21:00:00Z
10310,User 10310,user10310@company.com,+1-205-6046,10310,login,2025-02-13 22:00:00Z
10311,User 10311,user10311@company.com,+1-942-1067,10311,logout,2025-02-13 23:00:00Z
10312,User 10312,user10312@company.com,+1-885-9720,10312,logout,2025-02-14 00:00:00Z
10313,User 10313,user10313@company.com,+1-468-4108,1010312,logout,2025-02-14 01:00:00Z
10314,User 10314,user10314@company.com,+1-984-1478,10314,logout,2025-02-14 02:00:00Z
10315,,user10315@company.com,,10315,,
10316,User 10316,user10316@company.com,+1-837-5975,10316,login,2025-02-14 04:00:00Z
10317,User 10317,user10317@company.com,+1-391-6459,10317,logout,2025-02-14 05:00:00Z
10318,User 10318,user10318@company.com,656-8095,10318,purchase,2025-02-14 06:00:00Z
10319,User 10319,user10319@company.com,329-1914,1010318,logout,2025-02-14 02:00:00
10320,User 10320,user10320@company.com,+1-331-9191,10320,purchase,2025-02-14 08:00:00Z
10321,User 10321,user10321@company.com,880-7688,10321,logout,2025-02-14 09:00:00Z
10322,User 10322,user10322@company.com,+1-306-3174,10322,view,2025-02-14 10:00:00Z
10323,User 10323,user10323@company.com,+1-333-6191,10323,purchase,2025-02-14 11:00:00Z
10324,User 10324,user10324@company.com,+1-312-9215,10324,purchase,2025-02-14 07:00:00
10325,User 10325,user10325@company.com,+1-542-4849,10325,login,2025-02-14 13:00:00Z
10326,User 10326,USER10326@COMPANY.COM,+1-490-7268,10326,purchase,2025-02-14 09:00:00
10327,User 10327,user10327@company.com,+1-932-7619,10327,logout,2025-02-14 15:00:00Z
10328,User 10328,user10328@company.com,258-8436,10328,login,2025-02-14 16:00:00Z
10329,User 10329,user10329@company.com,+1-295-5363,10329,purchase,2025-02-14 17:00:00Z
10330,User 10330,user10330@company.com,+1-210-6649,10330,view,2025-02-14 18:00:00Z
10331,User 10331,user10331@company.com,+1-610-5941,10331,view,2025-02-14 19:00:00Z
10332,User 10332,user10332@company.com,+1-382-5106,10332,view,2025-02-14 20:00:00Z
10333,User 10333,user10333@company.com,+1-280-2823,10333,view,2025-02-14 21:00:00Z
10334,User 10334,user10334@company.com,+1-449-4966,10334,logout,2025-02-14 22:00:00Z
10335,User 10335,user10335@company.com,+1-399-4658,10335,login,2025-02-14 23:00:00Z
10336,User 10336,user10336@company.com,+1-399-2908,10336,login,2025-02-14 19:00:00
10337,User 10337,user10337@company.com,+1-203-1286,10337,view,2025-02-15 01:00:00Z
10338,User 10338,user10338@company.com,+1-477-5512,10338,logout,2025-02-14 21:00:00
10339,User 10339,user10339@company.com,987-6319,10339,login,2025-02-15 03:00:00Z
10340,User 10340,user10340@company.com,+1-681-9300,10340,view,2025-02-15 04:00:00Z
10341,User 10341,user10341@company.com,400-6065,10341,logout,2025-02-15 05:00:00Z
10342,User 10342,user10342@company.com,+1-882-4487,10342,logout,2025-02-15 06:00:00Z
10343,User 10343,user10343@company.com,416-1019,10343,logout,2025-02-15 07:00:00Z
10344,User 10344,user10344@company.com,+1-673-1788,10344,view,2025-02-15 03:00:00
10345,User 10345,user10345@company.com,848-3259,10345,purchase,2025-02-15 09:00:00Z
10346,User 10346,user10346@company.com,+1-815-4886,10346,login,2025-02-15 10:00:00Z
10347,User 10347,user10347@company.com,+1-692-2538,10347,login,2025-02-15 11:00:00Z
10348,User 10348,user10348@company.com,+1-739-8794,10348,login,2025-02-15 12:00:00Z
10349,User 10349,user10349@company.com,+1-956-1216,10349,purchase,2025-02-15 13:00:00Z
10350,User 10350,user10350@company.com,+1-729-6313,1010349,purchase,2025-02-15 14:00:00Z
10351,User 10351,user10351@company.com,+1-557-7249,10351,login,2025-02-15 15:00:00Z
10352,User 10352,user10352@company.com,+1-558-3794,10352,login,2025-02-15 16:00:00Z
10353,User 10353,user10353@company.com,+1-411-6081,10353,login,2025-02-15 17:00:00Z
10354,User 10354,user10354@company.com,+1-763-7903,10354,login,2025-02-15 18:00:00Z
10355,User 10355,user10355@company.com,+1-859-8056,10355,login,2025-02-15 19:00:00Z
10356,User 10356,user10356@company.com,+1-383-2609,10356,purchase,2025-02-15 20:00:00Z
10357,User 10357,user10357@company.com,+1-500-7551,10357,login,2025-02-15 21:00:00Z
10358,User 10358,user10358@company.com,+1-524-9210,10358,view,2025-02-15 22:00:00Z
10359,User 10359,user10359@company.com,+1-360-1843,10359,login,2025-02-15 23:00:00Z
10360,,user10360@company.com,,10360,,
10361,User 10361,user10361@company.com,736-8908,10361,view,2025-02-15 20:00:00
10362,User 10362,user10362@company.com,+1-234-3035,10362,login,2025-02-16 02:00:00Z
10363,User 10363,user10363@company.com,+1-821-2708,10363,login,2025-02-16 03:00:00Z
10364,User 10364,user10364@company.com,+1-960-9214,10364,login,2025-02-15 23:00:00
10365,User 10365,USER10365@COMPANY.COM,+1-875-7275,10365,login,2025-02-16 00:00:00
10366,User 10366,user10366@company.com,+1-567-4347,10366,view,2025-02-16 06:00:00Z
10367,User 10367,user10367@company.com,+1-293-9476,1010366,view,2025-02-16 02:00:00
10368,,user10368@company.com,,10368,,
10369,User 10369,user10369@company.com,+1-711-6085,10369,view,2025-02-16 09:00:00Z
10370,User 10370,user10370@company.com,+1-799-8339,10370,view,2025-02-16 10:00:00Z
10371,User 10371,user10371@company.com,+1-778-6324,10371,login,2025-02-16 11:00:00Z
10372,User 10372,user10372@company.com,+1-436-6183,10372,purchase,2025-02-16 12:00:00Z
10373,User 10373,user10373@company.com,+1-252-3662,10373,purchase,2025-02-16 08:00:00
10374,User 10374,user10374@company.com,+1-785-6457,10374,logout,2025-02-16 14:00:00Z
10375,,user10375@company.com,,10375,,
10376,User 10376,user10376@company.com,410-7647,10376,logout,2025-02-16 16:00:00Z
10377,User 10377,user10377@company.com,+1-259-8240,10377,logout,2025-02-16 12:00:00
10378,User 10378,user10378@company.com,830-2644,10378,login,2025-02-16 18:00:00Z
10379,User 10379,user10379@company.com,+1-720-3720,10379,view,2025-02-16 14:00:00
10380,User 10380,user10380@company.com,+1-319-2986,10380,view,2025-02-16 20:00:00Z
10381,User 10381,user10381@company.com,785-1269,10381,purchase,2025-02-16 21:00:00Z
10382,User 10382,user10382@company.com,288-4065,10382,view,2025-02-16 22:00:00Z
10383,User 10383,user10383@company.com,+1-824-4852,10383,logout,2025-02-16 23:00:00Z
10384,,user10384@company.com,,10384,,
10385,User 10385,user10385@company.com,855-8222,10385,view,2025-02-17 01:00:00Z
10386,User 10386,user10386@company.com,+1-967-6166,10386,logout,2025-02-17 02:00:00Z
10387,User 10387,user10387@company.com,+1-688-3087,1010386,purchase,2025-02-17 03:00:00Z
10388,User 10388,user10388@company.com,+1-898-7720,10388,purchase,2025-02-17 04:00:00Z
10389,User 10389,user10389@company.com,+1-317-1649,10389,purchase,2025-02-17 05:00:00Z
10390,User 10390,user10390@company.com,690-7875,10390,login,2025-02-17 06:00:00Z
10391,User 10391,user10391@company.com,942-3762,10391,login,2025-02-17 07:00:00Z
10392,User 10392,user10392@company.com,+1-377-9855,10392,logout,2025-02-17 08:00:00Z
10393,User 10393,user10393@company.com,+1-896-3528,10393,login,2025-02-17 09:00:00Z
10394,User 10394,user10394@company.com,+1-954-3737,10394,purchase,2025-02-17 10:00:00Z
10395,User 10395,user10395@company.com,+1-971-8869,10395,login,2025-02-17 11:00:00Z
10396,User 10396,user10396@company.com,+1-709-3364,10396,view,2025-02-17 12:00:00Z
10397,User 10397,user10397@company.com,+1-719-9072,10397,logout,2025-02-17 13:00:00Z
10398,User 10398,user10398@company.com,+1-960-1190,10398,login,2025-02-17 14:00:00Z
10399,User 10399,user10399@company.com,+1-969-9788,10399,purchase,2025-02-17 15:00:00Z
10400,User 10400,user10400@company.com,496-8575,10400,purchase,2025-02-17 16:00:00Z
10401,User 10401,user10401@company.com,+1-802-4680,10401,logout,2025-02-17 17:00:00Z
10402,User 10402,user10402@company.com,+1-921-8443,1010401,login,2025-02-17 18:00:00Z
10403,User 10403,user10403@company.com,+1-351-9129,1010402,login,2025-02-17 19:00:00Z
10404,User 10404,user10404@company.com,+1-721-8761,10404,view,2025-02-17 20:00:00Z
10405,User 10405,user10405@company.com,+1-959-2765,10405,view,2025-02-17 21:00:00Z
10406,User 10406,user10406@company.com,+1-873-1283,10406,view,2025-02-17 22:00:00Z
10407,User 10407,user10407@company.com,+1-443-5016,10407,logout,2025-02-17 23:00:00Z
10408,User 10408,user10408@company.com,+1-686-9812,10408,purchase,2025-02-18 00:00:00Z
10409,User 10409,user10409@company.com,+1-941-5260,10409,view,2025-02-18 01:00:00Z
10410,User 10410,user10410@company.com,+1-715-4738,10410,logout,2025-02-17 21:00:00
10411,User 10411,user10411@company.com,224-4398,10411,logout,2025-02-18 03:00:00Z
10412,User 10412,user10412@company.com,+1-301-6468,10412,logout,2025-02-18 04:00:00Z
10413,User 10413,user10413@company.com,+1-952-8888,10413,view,2025-02-18 05:00:00Z
10414,User 10414,user10414@company.com,+1-442-8566,10414,login,2025-02-18 06:00:00Z
10415,User 10415,user10415@company.com,+1-214-1126,10415,view,2025-02-18 07:00:00Z
10416,User 10416,user10416@company.com,+1-838-4513,1010415,login,2025-02-18 08:00:00Z
10417,User 10417,USER10417@COMPANY.COM,+1-436-1370,10417,purchase,2025-02-18 09:00:00Z
10418,User 10418,USER10418@COMPANY.COM,+1-247-4154,10418,logout,2025-02-18 10:00:00Z
10419,,user10419@company.com,,10419,,
10420,User 10420,user10420@company.com,+1-906-2187,10420,purchase,2025-02-18 12:00:00Z
10421,User 10421,user10421@company.com,+1-903-7321,10421,view,2025-02-18 13:00:00Z
10422,User 10422,user10422@company.com,+1-618-3656,1010421,purchase,2025-02-18 14:00:00Z
10423,User 10423,user10423@company.com,+1-944-3702,10423,logout,2025-02-18 10:00:00
10424,User 10424,user10424@company.com,+1-319-6456,1010423,logout,2025-02-18 16:00:00Z
10425,User 10425,user10425@company.com,+1-935-5122,1010424,view,2025-02-18 17:00:00Z
10426,,USER10426@COMPANY.COM,,10426,,
10427,User 10427,user10427@company.com,+1-846-2311,10427,purchase,2025-02-18 19:00:00Z
10428,User 10428,user10428@company.com,+1-752-1475,10428,purchase,2025-02-18 20:00:00Z
10429,User 10429,user10429@company.com,+1-363-9662,10429,purchase,2025-02-18 21:00:00Z
10430,User 10430,user10430@company.com,+1-862-5444,10430,purchase,2025-02-18 17:00:00
10431,User 10431,user10431@company.com,+1-537-5542,10431,logout,2025-02-18 23:00:00Z
10432,User 10432,user10432@company.com,576-5656,10432,view,2025-02-18 19:00:00
10433,User 10433,user10433@company.com,+1-614-7509,10433,view,2025-02-19 01:00:00Z
10434,User 10434,user10434@company.com,+1-575-9710,1010433,login,2025-02-19 02:00:00Z
10435,User 10435,user10435@company.com,+1-844-3242,10435,login,2025-02-19 03:00:00Z
10436,User 10436,user10436@company.com,+1-998-1063,10436,view,2025-02-18 23:00:00
10437,User 10437,user10437@company.com,+1-994-5798,10437,login,2025-02-19 00:00:00
10438,User 10438,user10438@company.com,+1-463-7369,10438,login,2025-02-19 06:00:00Z
10439,User 10439,user10439@company.com,+1-474-4883,10439,login,2025-02-19 02:00:00
10440,User 10440,user10440@company.com,+1-728-3296,10440,logout,2025-02-19 03:00:00
10441,User 10441,user10441@company.com,+1-321-5742,10441,purchase,2025-02-19 09:00:00Z
10442,User 10442,user10442@company.com,+1-765-7695,10442,purchase,2025-02-19 10:00:00Z
10443,User 10443,user10443@company.com,+1-344-5068,10443,logout,2025-02-19 11:00:00Z
10444,User 10444,user10444@company.com,+1-885-9707,1010443,view,2025-02-19 12:00:00Z
10445,User 10445,user10445@company.com,834-6387,10445,logout,2025-02-19 13:00:00Z
10446,User 10446,user10446@company.com,396-5643,10446,view,2025-02-19 14:00:00Z
10447,User 10447,user10447@company.com,+1-792-1784,10447,login,2025-02-19 15:00:00Z
10448,User 10448,user10448@company.com,289-5931,10448,view,2025-02-19 16:00:00Z
10449,User 10449,user10449@company.com,+1-932-1837,10449,logout,2025-02-19 12:00:00
10450,User 10450,user10450@company.com,+1-319-1618,10450,login,2025-02-19 18:00:00Z
10451,User 10451,user10451@company.com,396-8319,10451,view,2025-02-19 14:00:00
10452,User 10452,user10452@company.com,+1-510-8784,10452,login,2025-02-19 20:00:00Z
10453,User 10453,user10453@company.com,269-5471,10453,login,2025-02-19 21:00:00Z
10454,User 10454,user10454@company.com,+1-417-3352,10454,logout,2025-02-19 22:00:00Z
10455,User 10455,user10455@company.com,+1-365-3178,10455,view,2025-02-19 18:00:00
10456,User 10456,user10456@company.com,+1-874-7480,10456,view,2025-02-20 00:00:00Z
10457,User 10457,user10457@company.com,+1-566-1079,10457,login,2025-02-20 01:00:00Z
10458,User 10458,user10458@company.com,+1-701-6664,10458,login,2025-02-19 21:00:00
10459,User 10459,user10459@company.com,+1-455-5034,10459,view,2025-02-20 03:00:00Z
10460,User 10460,user10460@company.com,439-9331,10460,logout,2025-02-20 04:00:00Z
10461,User 10461,user10461@company.com,+1-899-7787,10461,view,2025-02-20 05:00:00Z
10462,User 10462,user10462@company.com,419-4408,10462,login,2025-02-20 06:00:00Z
10463,User 10463,user10463@company.com,490-6870,10463,view,2025-02-20 07:00:00Z
10464,User 10464,user10464@company.com,+1-356-2109,10464,logout,2025-02-20 08:00:00Z
10465,User 10465,user10465@company.com,+1-256-1574,10465,purchase,2025-02-20 09:00:00Z
10466,User 10466,user10466@company.com,+1-902-7821,10466,logout,2025-02-20 10:00:00Z
10467,User 10467,user10467@company.com,+1-448-6491,10467,login,2025-02-20 11:00:00Z
10468,User 10468,user10468@company.com,+1-965-4000,10468,purchase,2025-02-20 07:00:00
10469,User 10469,user10469@company.com,548-7223,10469,logout,2025-02-20 08:00:00
10470,User 10470,USER10470@COMPANY.COM,+1-333-8927,10470,logout,2025-02-20 14:00:00Z
10471,User 10471,user10471@company.com,+1-474-2801,10471,view,2025-02-20 15:00:00Z
10472,User 10472,user10472@company.com,211-5451,10472,logout,2025-02-20 16:00:00Z
10473,User 10473,user10473@company.com,+1-485-1950,10473,purchase,2025-02-20 17:00:00Z
10474,,user10474@company.com,,10474,,
10475,User 10475,user10475@company.com,+1-948-3450,10475,login,2025-02-20 19:00:00Z
10476,User 10476,user10476@company.com,+1-295-5960,10476,logout,2025-02-20 20:00:00Z
10477,User 10477,user10477@company.com,+1-454-8406,10477,login,2025-02-20 16:00:00
10478,User 10478,user10478@company.com,+1-220-1589,1010477,view,2025-02-20 17:00:00
10479,User 10479,USER10479@COMPANY.COM,+1-530-3827,1010478,view,2025-02-20 23:00:00Z
10480,User 10480,user10480@company.com,+1-993-1898,1010479,logout,2025-02-21 00:00:00Z
10481,User 10481,user10481@company.com,+1-812-1729,10481,logout,2025-02-21 01:00:00Z
10482,User 10482,user10482@company.com,+1-532-4684,10482,view,2025-02-21 02:00:00Z
10483,User 10483,user10483@company.com,991-3286,1010482,purchase,2025-02-21 03:00:00Z
10484,User 10484,user10484@company.com,+1-719-8755,10484,purchase,2025-02-21 04:00:00Z
10485,User 10485,user10485@company.com,+1-655-5353,1010484,purchase,2025-02-21 00:00:00
10486,User 10486,user10486@company.com,+1-371-3675,10486,logout,2025-02-21 06:00:00Z
10487,User 10487,user10487@company.com,+1-731-5575,10487,login,2025-02-21 02:00:00
10488,User 10488,user10488@company.com,342-3775,10488,view,2025-02-21 08:00:00Z
10489,User 10489,user10489@company.com,+1-334-8205,10489,purchase,2025-02-21 09:00:00Z
10490,User 10490,user10490@company.com,+1-206-1321,10490,login,2025-02-21 10:00:00Z
10491,User 10491,user10491@company.com,+1-718-6556,10491,purchase,2025-02-21 11:00:00Z
10492,User 10492,user10492@company.com,787-1191,10492,view,2025-02-21 12:00:00Z
10493,User 10493,user10493@company.com,+1-536-4756,10493,logout,2025-02-21 08:00:00
10494,User 10494,user10494@company.com,+1-660-5670,10494,login,2025-02-21 14:00:00Z
10495,User 10495,user10495@company.com,+1-916-2026,1010494,login,2025-02-21 15:00:00Z
10496,User 10496,user10496@company.com,+1-714-8149,10496,login,2025-02-21 16:00:00Z
10497,User 10497,user10497@company.com,+1-352-5003,10497,purchase,2025-02-21 17:00:00Z
10498,User 10498,user10498@company.com,+1-647-8014,10498,logout,2025-02-21 18:00:00Z
10499,User 10499,user10499@company.com,+1-509-3522,10499,purchase,2025-02-21 19:00:00Z
10500,User 10500,user10500@company.com,+1-633-5299,10500,purchase,2025-02-21 15:00:00
10501,User 10501,user10501@company.com,+1-774-2283,10501,logout,2025-02-21 21:00:00Z
10502,User 10502,user10502@company.com,+1-563-6988,10502,logout,2025-02-21 22:00:00Z
10503,User 10503,user10503@company.com,+1-316-2389,10503,login,2025-02-21 18:00:00
10504,User 10504,user10504@company.com,662-6118,10504,view,2025-02-22 00:00:00Z
10505,User 10505,user10505@company.com,+1-566-6879,10505,logout,2025-02-22 01:00:00Z
10506,User 10506,user10506@company.com,+1-367-4783,10506,purchase,2025-02-22 02:00:00Z
10507,User 10507,user10507@company.com,740-8445,10507,logout,2025-02-22 03:00:00Z
10508,User 10508,USER10508@COMPANY.COM,+1-836-9917,10508,purchase,2025-02-22 04:00:00Z
10509,User 10509,user10509@company.com,+1-990-7874,10509,login,2025-02-22 05:00:00Z
10510,User 10510,user10510@company.com,+1-994-2438,10510,view,2025-02-22 06:00:00Z
10511,User 10511,user10511@company.com,+1-392-2330,10511,purchase,2025-02-22 07:00:00Z
10512,User 10512,user10512@company.com,+1-720-3163,10512,login,2025-02-22 08:00:00Z
10513,User 10513,user10513@company.com,503-4261,10513,view,2025-02-22 09:00:00Z
10514,User 10514,user10514@company.com,405-7085,10514,purchase,2025-02-22 10:00:00Z
10515,User 10515,user10515@company.com,+1-846-9277,10515,logout,2025-02-22 06:00:00
10516,User 10516,user10516@company.com,+1-447-6660,10516,view,2025-02-22 07:00:00
10517,User 10517,user10517@company.com,+1-738-9959,1010516,view,2025-02-22 13:00:00Z
10518,,user10518@company.com,,10518,,
10519,User 10519,user10519@company.com,+1-820-4817,10519,purchase,2025-02-22 10:00:00
10520,User 10520,user10520@company.com,+1-795-1201,10520,logout,2025-02-22 16:00:00Z
10521,,user10521@company.com,,10521,,
10522,User 10522,user10522@company.com,+1-872-7546,10522,login,2025-02-22 13:00:00
10523,User 10523,user10523@company.com,+1-783-2686,10523,logout,2025-02-22 19:00:00Z
10524,User 10524,user10524@company.com,+1-539-2660,10524,purchase,2025-02-22 20:00:00Z
10525,User 10525,user10525@company.com,+1-797-4644,10525,view,2025-02-22 21:00:00Z
10526,User 10526,user10526@company.com,+1-654-3722,10526,view,2025-02-22 22:00:00Z
10527,User 10527,user10527@company.com,+1-412-5163,10527,purchase,2025-02-22 18:00:00
10528,User 10528,user10528@company.com,856-7801,10528,logout,2025-02-23 00:00:00Z
10529,User 10529,user10529@company.com,+1-238-4357,10529,purchase,2025-02-23 01:00:00Z
10530,User 10530,user10530@company.com,595-3538,10530,login,2025-02-23 02:00:00Z
10531,User 10531,user10531@company.com,959-2146,10531,logout,2025-02-23 03:00:00Z
10532,User 10532,user10532@company.com,+1-932-5779,10532,purchase,2025-02-22 23:00:00
10533,User 10533,user10533@company.com,+1-409-3523,10533,view,2025-02-23 05:00:00Z
10534,User 10534,user10534@company.com,+1-473-2158,1010533,login,2025-02-23 06:00:00Z
10535,User 10535,user10535@company.com,+1-339-3405,10535,login,2025-02-23 07:00:00Z
10536,User 10536,user10536@company.com,+1-990-2672,10536,logout,2025-02-23 08:00:00Z
10537,User 10537,user10537@company.com,+1-334-7186,10537,view,2025-02-23 04:00:00
10538,User 10538,user10538@company.com,+1-210-5213,10538,logout,2025-02-23 10:00:00Z
10539,User 10539,user10539@company.com,+1-494-3021,10539,purchase,2025-02-23 11:00:00Z
10540,User 10540,user10540@company.com,+1-903-9705,10540,login,2025-02-23 12:00:00Z
10541,User 10541,user10541@company.com,+1-520-8497,1010540,login,2025-02-23 13:00:00Z
10542,User 10542,user10542@company.com,399-5866,10542,purchase,2025-02-23 14:00:00Z
10543,,user10543@company.com,,10543,,
10544,User 10544,user10544@company.com,+1-266-8580,10544,logout,2025-02-23 16:00:00Z
10545,User 10545,user10545@company.com,408-3003,10545,purchase,2025-02-23 12:00:00
10546,User 10546,user10546@company.com,+1-761-8107,10546,view,2025-02-23 18:00:00Z
10547,User 10547,user10547@company.com,+1-487-6272,10547,view,2025-02-23 19:00:00Z
10548,User 10548,user10548@company.com,+1-675-1735,10548,login,2025-02-23 15:00:00
10549,User 10549,user10549@company.com,+1-250-1689,10549,view,2025-02-23 21:00:00Z
10550,User 10550,user10550@company.com,+1-279-7791,10550,view,2025-02-23 22:00:00Z
10551,User 10551,user10551@company.com,+1-360-3767,10551,purchase,2025-02-23 23:00:00Z
10552,User 10552,user10552@company.com,+1-996-8733,10552,purchase,2025-02-24 00:00:00Z
10553,User 10553,user10553@company.com,+1-451-7218,10553,login,2025-02-24 01:00:00Z
10554,User 10554,user10554@company.com,709-9278,10554,login,2025-02-24 02:00:00Z
10555,User 10555,user10555@company.com,+1-694-5916,10555,logout,2025-02-24 03:00:00Z
10556,User 10556,user10556@company.com,+1-902-9554,10556,login,2025-02-24 04:00:00Z
10557,User 10557,user10557@company.com,+1-328-1129,10557,purchase,2025-02-24 05:00:00Z
10558,User 10558,user10558@company.com,+1-343-7192,10558,view,2025-02-24 06:00:00Z
10559,User 10559,user10559@company.com,+1-634-4219,10559,logout,2025-02-24 07:00:00Z
10560,User 10560,user10560@company.com,+1-921-5346,10560,purchase,2025-02-24 08:00:00Z
10561,User 10561,user10561@company.com,+1-732-5946,10561,view,2025-02-24 09:00:00Z
10562,User 10562,user10562@company.com,+1-853-6849,10562,purchase,2025-02-24 05:00:00
10563,User 10563,user10563@company.com,426-2408,10563,login,2025-02-24 11:00:00Z
10564,User 10564,user10564@company.com,+1-735-5480,10564,logout,2025-02-24 12:00:00Z
10565,,user10565@company.com,,10565,,
10566,User 10566,user10566@company.com,+1-347-2529,10566,login,2025-02-24 09:00:00
10567,User 10567,user10567@company.com,+1-401-1547,10567,purchase,2025-02-24 15:00:00Z
10568,User 10568,user10568@company.com,922-8424,10568,purchase,2025-02-24 16:00:00Z
10569,User 10569,user10569@company.com,+1-615-3907,10569,view,2025-02-24 17:00:00Z
10570,User 10570,user10570@company.com,+1-960-3162,1010569,view,2025-02-24 18:00:00Z
10571,User 10571,user10571@company.com,868-3484,1010570,view,2025-02-24 19:00:00Z
10572,User 10572,user10572@company.com,+1-298-9384,10572,login,2025-02-24 15:00:00
10573,User 10573,user10573@company.com,426-6735,10573,view,2025-02-24 21:00:00Z
10574,User 10574,user10574@company.com,675-9379,10574,logout,2025-02-24 22:00:00Z
10575,User 10575,user10575@company.com,+1-532-8174,10575,login,2025-02-24 18:00:00
10576,User 10576,user10576@company.com,+1-324-8833,10576,login,2025-02-25 00:00:00Z
10577,User 10577,user10577@company.com,546-1795,10577,view,2025-02-25 01:00:00Z
10578,User 10578,user10578@company.com,+1-213-2009,10578,login,2025-02-24 21:00:00
10579,User 10579,user10579@company.com,+1-548-9106,10579,logout,2025-02-25 03:00:00Z
10580,User 10580,user10580@company.com,+1-594-7448,10580,login,2025-02-25 04:00:00Z
10581,User 10581,user10581@company.com,+1-545-7986,10581,logout,2025-02-25 05:00:00Z
10582,,USER10582@COMPANY.COM,,10582,,
10583,User 10583,user10583@company.com,561-3471,10583,view,2025-02-25 02:00:00
10584,User 10584,user10584@company.com,+1-629-4988,10584,view,2025-02-25 08:00:00Z
10585,User 10585,user10585@company.com,931-9625,1010584,logout,2025-02-25 09:00:00Z
10586,User 10586,user10586@company.com,+1-707-8592,10586,login,2025-02-25 10:00:00Z
10587,User 10587,user10587@company.com,+1-807-4212,10587,logout,2025-02-25 11:00:00Z
10588,User 10588,user10588@company.com,+1-667-5587,10588,login,2025-02-25 12:00:00Z
10589,User 10589,user10589@company.com,+1-327-6631,10589,view,2025-02-25 13:00:00Z
10590,User 10590,user10590@company.com,+1-694-5629,10590,logout,2025-02-25 14:00:00Z
10591,User 10591,user10591@company.com,+1-271-4354,10591,purchase,2025-02-25 10:00:00
10592,User 10592,user10592@company.com,+1-462-6108,10592,login,2025-02-25 16:00:00Z
10593,User 10593,user10593@company.com,+1-739-6258,10593,logout,2025-02-25 17:00:00Z
10594,User 10594,user10594@company.com,+1-794-4847,10594,view,2025-02-25 18:00:00Z
10595,User 10595,user10595@company.com,+1-250-1921,10595,view,2025-02-25 14:00:00
10596,User 10596,user10596@company.com,650-6964,10596,purchase,2025-02-25 20:00:00Z
10597,User 10597,user10597@company.com,586-8636,10597,logout,2025-02-25 16:00:00
10598,User 10598,user10598@company.com,+1-377-2555,10598,purchase,2025-02-25 22:00:00Z
10599,User 10599,user10599@company.com,+1-377-6683,10599,purchase,2025-02-25 18:00:00
10600,User 10600,user10600@company.com,+1-819-4516,10600,logout,2025-02-26 00:00:00Z
10601,User 10601,USER10601@COMPANY.COM,+1-708-5426,10601,logout,2025-02-26 01:00:00Z
10602,User 10602,USER10602@COMPANY.COM,+1-954-6738,10602,login,2025-02-25 21:00:00
10603,User 10603,user10603@company.com,+1-961-2984,1010602,view,2025-02-26 03:00:00Z
10604,User 10604,user10604@company.com,+1-760-3988,10604,login,2025-02-26 04:00:00Z
10605,User 10605,user10605@company.com,+1-420-6011,10605,view,2025-02-26 05:00:00Z
10606,User 10606,user10606@company.com,+1-872-7685,10606,purchase,2025-02-26 06:00:00Z
10607,User 10607,user10607@company.com,+1-804-3536,10607,view,2025-02-26 07:00:00Z
10608,User 10608,user10608@company.com,+1-562-4874,10608,purchase,2025-02-26 03:00:00
10609,User 10609,user10609@company.com,+1-846-3215,10609,purchase,2025-02-26 09:00:00Z
10610,User 10610,user10610@company.com,+1-305-3841,10610,view,2025-02-26 10:00:00Z
10611,User 10611,user10611@company.com,+1-800-4287,10611,view,2025-02-26 11:00:00Z
10612,User 10612,user10612@company.com,+1-882-5200,10612,login,2025-02-26 12:00:00Z
10613,User 10613,user10613@company.com,+1-480-1369,10613,logout,2025-02-26 08:00:00
10614,User 10614,user10614@company.com,+1-778-4210,1010613,logout,2025-02-26 14:00:00Z
10615,User 10615,user10615@company.com,+1-841-8008,10615,logout,2025-02-26 15:00:00Z
10616,User 10616,user10616@company.com,+1-970-3774,10616,login,2025-02-26 11:00:00
10617,,user10617@company.com,,10617,,
10618,,user10618@company.com,,10618,,
10619,User 10619,user10619@company.com,+1-786-7523,10619,login,2025-02-26 19:00:00Z
10620,User 10620,user10620@company.com,+1-420-8494,10620,logout,2025-02-26 20:00:00Z
10621,User 10621,user10621@company.com,+1-956-8000,10621,logout,2025-02-26 21:00:00Z
10622,User 10622,user10622@company.com,+1-974-9695,10622,view,2025-02-26 22:00:00Z
10623,User 10623,user10623@company.com,+1-959-7423,10623,login,2025-02-26 23:00:00Z
10624,User 10624,user10624@company.com,+1-346-8965,10624,logout,2025-02-27 00:00:00Z
10625,User 10625,user10625@company.com,+1-749-2790,10625,view,2025-02-27 01:00:00Z
10626,User 10626,user10626@company.com,+1-948-9979,1010625,logout,2025-02-27 02:00:00Z
10627,User 10627,user10627@company.com,+1-778-8952,10627,login,2025-02-26 22:00:00
10628,User 10628,user10628@company.com,+1-963-2251,10628,logout,2025-02-27 04:00:00Z
10629,User 10629,user10629@company.com,+1-675-5478,10629,purchase,2025-02-27 05:00:00Z
10630,User 10630,user10630@company.com,+1-326-6899,1010629,purchase,2025-02-27 06:00:00Z
10631,User 10631,user10631@company.com,+1-915-7274,10631,login,2025-02-27 02:00:00
10632,User 10632,user10632@company.com,+1-890-1561,10632,login,2025-02-27 08:00:00Z
10633,User 10633,user10633@company.com,+1-397-6076,10633,logout,2025-02-27 09:00:00Z
10634,User 10634,user10634@company.com,513-4732,10634,purchase,2025-02-27 05:00:00
10635,User 10635,user10635@company.com,+1-506-1443,10635,logout,2025-02-27 06:00:00
10636,User 10636,USER10636@COMPANY.COM,+1-736-4783,10636,view,2025-02-27 12:00:00Z
10637,User 10637,user10637@company.com,+1-831-8074,10637,purchase,2025-02-27 13:00:00Z
10638,User 10638,user10638@company.com,+1-926-8502,10638,view,2025-02-27 09:00:00
10639,User 10639,user10639@company.com,+1-530-9874,1010638,purchase,2025-02-27 15:00:00Z
10640,User 10640,user10640@company.com,+1-428-3773,10640,purchase,2025-02-27 11:00:00
10641,User 10641,user10641@company.com,+1-903-1327,10641,purchase,2025-02-27 17:00:00Z
10642,User 10642,user10642@company.com,+1-894-7090,10642,purchase,2025-02-27 13:00:00
10643,User 10643,user10643@company.com,465-6476,10643,view,2025-02-27 19:00:00Z
10644,User 10644,user10644@company.com,841-2339,10644,login,2025-02-27 15:00:00
10645,User 10645,user10645@company.com,+1-256-6888,10645,logout,2025-02-27 21:00:00Z
10646,User 10646,user10646@company.com,+1-243-5973,10646,login,2025-02-27 22:00:00Z
10647,User 10647,user10647@company.com,847-5007,10647,purchase,2025-02-27 18:00:00
10648,User 10648,user10648@company.com,+1-587-3820,10648,logout,2025-02-27 19:00:00
10649,User 10649,user10649@company.com,350-6606,10649,purchase,2025-02-27 20:00:00
10650,User 10650,user10650@company.com,+1-503-4042,10650,login,2025-02-28 02:00:00Z
10651,User 10651,user10651@company.com,+1-967-1905,10651,login,2025-02-28 03:00:00Z
10652,User 10652,user10652@company.com,+1-809-8377,10652,view,2025-02-27 23:00:00
10653,User 10653,user10653@company.com,+1-563-1596,1010652,purchase,2025-02-28 05:00:00Z
10654,User 10654,user10654@company.com,+1-904-9109,10654,logout,2025-02-28 06:00:00Z
10655,User 10655,user10655@company.com,+1-689-3373,10655,purchase,2025-02-28 07:00:00Z
10656,User 10656,user10656@company.com,+1-465-7713,10656,logout,2025-02-28 08:00:00Z
10657,User 10657,user10657@company.com,+1-613-6711,10657,logout,2025-02-28 09:00:00Z
10658,User 10658,user10658@company.com,+1-932-1536,10658,login,2025-02-28 10:00:00Z
10659,User 10659,user10659@company.com,+1-402-4551,10659,view,2025-02-28 11:00:00Z
10660,User 10660,user10660@company.com,+1-938-6623,10660,login,2025-02-28 07:00:00
10661,User 10661,user10661@company.com,+1-832-8471,1010660,view,2025-02-28 13:00:00Z
10662,User 10662,user10662@company.com,+1-812-2790,10662,purchase,2025-02-28 14:00:00Z
10663,User 10663,user10663@company.com,+1-477-9202,10663,view,2025-02-28 15:00:00Z
10664,User 10664,user10664@company.com,+1-618-4261,10664,purchase,2025-02-28 16:00:00Z
10665,User 10665,user10665@company.com,+1-213-7822,10665,purchase,2025-02-28 17:00:00Z
10666,User 10666,user10666@company.com,+1-335-1945,10666,logout,2025-02-28 18:00:00Z
10667,,user10667@company.com,,10667,,
10668,User 10668,user10668@company.com,+1-673-8627,10668,purchase,2025-02-28 20:00:00Z
10669,User 10669,user10669@company.com,+1-437-5712,1010668,view,2025-02-28 21:00:00Z
10670,,user10670@company.com,,10670,,
10671,User 10671,user10671@company.com,+1-792-1172,10671,login,2025-02-28 23:00:00Z
10672,User 10672,user10672@company.com,+1-297-2113,10672,login,2025-03-01 00:00:00Z
10673,User 10673,user10673@company.com,+1-204-2080,10673,login,2025-03-01 01:00:00Z
10674,,user10674@company.com,,10674,,
10675,User 10675,USER10675@COMPANY.COM,911-8782,10675,purchase,2025-03-01 03:00:00Z
10676,User 10676,user10676@company.com,774-6858,10676,view,2025-03-01 04:00:00Z
10677,User 10677,user10677@company.com,+1-537-3341,10677,logout,2025-03-01 05:00:00Z
10678,User 10678,user10678@company.com,+1-665-4810,10678,login,2025-03-01 06:00:00Z
10679,User 10679,user10679@company.com,+1-840-3000,10679,logout,2025-03-01 07:00:00Z
10680,User 10680,user10680@company.com,+1-413-8174,10680,login,2025-03-01 08:00:00Z
10681,,user10681@company.com,,10681,,
10682,User 10682,user10682@company.com,+1-791-9791,10682,logout,2025-03-01 10:00:00Z
10683,User 10683,user10683@company.com,+1-986-4717,1010682,login,2025-03-01 06:00:00
10684,User 10684,user10684@company.com,+1-762-4584,10684,login,2025-03-01 12:00:00Z
10685,User 10685,user10685@company.com,+1-810-9579,10685,logout,2025-03-01 13:00:00Z
10686,User 10686,user10686@company.com,+1-302-7602,10686,login,2025-03-01 14:00:00Z
10687,User 10687,user10687@company.com,+1-605-3107,10687,login,2025-03-01 15:00:00Z
10688,User 10688,user10688@company.com,599-6075,10688,purchase,2025-03-01 16:00:00Z
10689,User 10689,user10689@company.com,515-2608,10689,logout,2025-03-01 17:00:00Z
10690,User 10690,user10690@company.com,990-4323,10690,view,2025-03-01 18:00:00Z
10691,User 10691,user10691@company.com,353-3806,10691,view,2025-03-01 19:00:00Z
10692,User 10692,user10692@company.com,+1-924-1761,1010691,purchase,2025-03-01 20:00:00Z
10693,User 10693,user10693@company.com,+1-448-2522,10693,purchase,2025-03-01 21:00:00Z
10694,,user10694@company.com,,10694,,
10695,User 10695,user10695@company.com,739-6869,1010694,purchase,2025-03-01 23:00:00Z
10696,User 10696,user10696@company.com,+1-304-6574,10696,login,2025-03-02 00:00:00Z
10697,User 10697,user10697@company.com,+1-822-2415,1010696,purchase,2025-03-02 01:00:00Z
10698,User 10698,user10698@company.com,+1-450-7442,10698,logout,2025-03-02 02:00:00Z
10699,User 10699,user10699@company.com,+1-555-2467,10699,view,2025-03-02 03:00:00Z
10700,User 10700,user10700@company.com,+1-494-1728,10700,purchase,2025-03-02 04:00:00Z
10701,User 10701,user10701@company.com,+1-881-7648,10701,login,2025-03-02 00:00:00
10702,User 10702,user10702@company.com,+1-481-7529,10702,view,2025-03-02 06:00:00Z
10703,User 10703,user10703@company.com,+1-762-3427,10703,login,2025-03-02 07:00:00Z
10704,User 10704,user10704@company.com,+1-708-7207,10704,view,2025-03-02 08:00:00Z
10705,User 10705,user10705@company.com,+1-909-3793,10705,purchase,2025-03-02 09:00:00Z
10706,User 10706,user10706@company.com,+1-896-5316,10706,purchase,2025-03-02 10:00:00Z
10707,User 10707,user10707@company.com,+1-409-1611,10707,logout,2025-03-02 06:00:00
10708,User 10708,user10708@company.com,+1-202-6413,10708,view,2025-03-02 12:00:00Z
10709,User 10709,user10709@company.com,+1-218-3412,1010708,view,2025-03-02 13:00:00Z
10710,User 10710,user10710@company.com,+1-923-5274,10710,view,2025-03-02 14:00:00Z
10711,User 10711,user10711@company.com,+1-379-9588,10711,purchase,2025-03-02 15:00:00Z
10712,User 10712,user10712@company.com,605-4058,10712,purchase,2025-03-02 16:00:00Z
10713,User 10713,user10713@company.com,+1-670-9516,10713,purchase,2025-03-02 17:00:00Z
10714,User 10714,user10714@company.com,+1-202-9939,10714,view,2025-03-02 13:00:00
10715,User 10715,user10715@company.com,+1-545-4172,10715,purchase,2025-03-02 19:00:00Z
10716,User 10716,user10716@company.com,+1-616-9320,10716,logout,2025-03-02 20:00:00Z
10717,User 10717,user10717@company.com,+1-229-5582,1010716,logout,2025-03-02 21:00:00Z
10718,User 10718,user10718@company.com,+1-598-7062,10718,purchase,2025-03-02 22:00:00Z
10719,,user10719@company.com,,10719,,
10720,,user10720@company.com,,10720,,
10721,User 10721,user10721@company.com,+1-587-7943,10721,login,2025-03-03 01:00:00Z
10722,User 10722,user10722@company.com,+1-426-3911,10722,login,2025-03-02 21:00:00
10723,User 10723,user10723@company.com,+1-302-1282,10723,purchase,2025-03-02 22:00:00
10724,User 10724,user10724@company.com,+1-233-4196,10724,purchase,2025-03-03 04:00:00Z
10725,User 10725,user10725@company.com,+1-864-1353,10725,login,2025-03-03 05:00:00Z
10726,User 10726,user10726@company.com,+1-870-5278,10726,view,2025-03-03 06:00:00Z
10727,User 10727,user10727@company.com,+1-733-4390,10727,purchase,2025-03-03 07:00:00Z
10728,User 10728,user10728@company.com,+1-464-9569,10728,login,2025-03-03 08:00:00Z
10729,User 10729,user10729@company.com,+1-831-7322,10729,purchase,2025-03-03 09:00:00Z
10730,User 10730,user10730@company.com,+1-862-8657,10730,view,2025-03-03 05:00:00
10731,User 10731,user10731@company.com,213-9863,10731,purchase,2025-03-03 11:00:00Z
10732,User 10732,user10732@company.com,+1-745-8327,10732,view,2025-03-03 12:00:00Z
10733,User 10733,user10733@company.com,705-9895,10733,login,2025-03-03 13:00:00Z
10734,User 10734,user10734@company.com,+1-880-1512,10734,login,2025-03-03 14:00:00Z
10735,User 10735,user10735@company.com,+1-244-8127,10735,login,2025-03-03 15:00:00Z
10736,User 10736,user10736@company.com,879-2783,10736,logout,2025-03-03 11:00:00
10737,User 10737,user10737@company.com,+1-376-6132,10737,purchase,2025-03-03 17:00:00Z
10738,User 10738,user10738@company.com,+1-689-6362,10738,view,2025-03-03 18:00:00Z
10739,User 10739,user10739@company.com,+1-695-8903,10739,login,2025-03-03 19:00:00Z
10740,User 10740,user10740@company.com,879-3880,10740,purchase,2025-03-03 20:00:00Z
10741,User 10741,user10741@company.com,+1-429-5514,10741,purchase,2025-03-03 21:00:00Z
10742,User 10742,user10742@company.com,+1-595-7689,10742,purchase,2025-03-03 17:00:00
10743,User 10743,user10743@company.com,+1-453-7015,10743,login,2025-03-03 23:00:00Z
10744,User 10744,user10744@company.com,250-4283,10744,purchase,2025-03-04 00:00:00Z
10745,,user10745@company.com,,10745,,
10746,User 10746,user10746@company.com,+1-475-5097,10746,login,2025-03-04 02:00:00Z
10747,User 10747,USER10747@COMPANY.COM,+1-831-6616,10747,logout,2025-03-04 03:00:00Z
10748,User 10748,user10748@company.com,937-3578,10748,purchase,2025-03-04 04:00:00Z
10749,User 10749,user10749@company.com,+1-274-4644,1010748,view,2025-03-04 05:00:00Z
10750,User 10750,user10750@company.com,+1-312-4569,10750,purchase,2025-03-04 06:00:00Z
10751,User 10751,user10751@company.com,+1-388-4287,10751,purchase,2025-03-04 07:00:00Z
10752,User 10752,user10752@company.com,+1-607-3604,10752,purchase,2025-03-04 08:00:00Z
10753,User 10753,user10753@company.com,695-8557,10753,logout,2025-03-04 09:00:00Z
10754,User 10754,USER10754@COMPANY.COM,+1-945-4773,10754,purchase,2025-03-04 10:00:00Z
10755,User 10755,user10755@company.com,+1-651-4873,10755,login,2025-03-04 06:00:00
10756,User 10756,user10756@company.com,+1-821-3640,10756,login,2025-03-04 12:00:00Z
10757,User 10757,user10757@company.com,+1-934-9515,10757,view,2025-03-04 13:00:00Z
10758,User 10758,user10758@company.com,+1-647-8672,10758,view,2025-03-04 14:00:00Z
10759,,user10759@company.com,,10759,,
10760,User 10760,user10760@company.com,886-8861,10760,login,2025-03-04 11:00:00
10761,User 10761,user10761@company.com,+1-659-5019,10761,view,2025-03-04 12:00:00
10762,User 10762,user10762@company.com,+1-519-2474,10762,logout,2025-03-04 18:00:00Z
10763,User 10763,user10763@company.com,+1-725-9189,10763,login,2025-03-04 19:00:00Z
10764,User 10764,user10764@company.com,478-7855,10764,logout,2025-03-04 20:00:00Z
10765,User 10765,user10765@company.com,307-5595,10765,login,2025-03-04 16:00:00
10766,User 10766,user10766@company.com,+1-548-6014,1010765,view,2025-03-04 22:00:00Z
10767,User 10767,user10767@company.com,+1-731-1885,1010766,purchase,2025-03-04 23:00:00Z
10768,User 10768,user10768@company.com,+1-345-2292,10768,logout,2025-03-05 00:00:00Z
10769,User 10769,user10769@company.com,987-4353,10769,login,2025-03-05 01:00:00Z
10770,User 10770,user10770@company.com,+1-360-7739,1010769,purchase,2025-03-05 02:00:00Z
10771,User 10771,user10771@company.com,+1-405-7924,10771,view,2025-03-05 03:00:00Z
10772,User 10772,user10772@company.com,+1-436-5461,10772,view,2025-03-05 04:00:00Z
10773,User 10773,user10773@company.com,+1-765-7248,1010772,view,2025-03-05 05:00:00Z
10774,User 10774,user10774@company.com,+1-244-6198,10774,view,2025-03-05 06:00:00Z
10775,User 10775,user10775@company.com,279-1448,10775,login,2025-03-05 07:00:00Z
10776,User 10776,user10776@company.com,+1-471-7774,10776,logout,2025-03-05 08:00:00Z
10777,User 10777,user10777@company.com,+1-753-7461,10777,logout,2025-03-05 09:00:00Z
10778,User 10778,user10778@company.com,+1-552-4276,10778,login,2025-03-05 10:00:00Z
10779,User 10779,user10779@company.com,+1-875-3120,10779,view,2025-03-05 11:00:00Z
10780,User 10780,user10780@company.com,+1-477-9802,10780,view,2025-03-05 12:00:00Z
10781,User 10781,user10781@company.com,+1-595-4121,10781,view,2025-03-05 13:00:00Z
10782,User 10782,user10782@company.com,903-6943,10782,logout,2025-03-05 14:00:00Z
10783,User 10783,user10783@company.com,+1-384-3396,10783,view,2025-03-05 15:00:00Z
10784,User 10784,user10784@company.com,+1-472-6767,10784,logout,2025-03-05 11:00:00
10785,User 10785,user10785@company.com,+1-838-1151,10785,logout,2025-03-05 17:00:00Z
10786,User 10786,user10786@company.com,+1-815-1667,10786,purchase,2025-03-05 18:00:00Z
10787,User 10787,user10787@company.com,802-8491,10787,login,2025-03-05 19:00:00Z
10788,User 10788,user10788@company.com,+1-869-9564,1010787,login,2025-03-05 20:00:00Z
10789,User 10789,user10789@company.com,+1-956-5809,10789,purchase,2025-03-05 21:00:00Z
10790,User 10790,user10790@company.com,+1-621-2911,10790,view,2025-03-05 17:00:00
10791,User 10791,user10791@company.com,+1-904-5179,10791,login,2025-03-05 18:00:00
10792,User 10792,user10792@company.com,574-2063,10792,logout,2025-03-06 00:00:00Z
10793,User 10793,user10793@company.com,486-1160,10793,purchase,2025-03-06 01:00:00Z
10794,User 10794,user10794@company.com,312-9119,10794,logout,2025-03-05 21:00:00
10795,User 10795,user10795@company.com,755-3550,1010794,view,2025-03-06 03:00:00Z
10796,User 10796,user10796@company.com,750-7178,10796,view,2025-03-06 04:00:00Z
10797,User 10797,user10797@company.com,+1-594-8262,10797,view,2025-03-06 00:00:00
10798,User 10798,user10798@company.com,+1-314-6959,10798,logout,2025-03-06 06:00:00Z
10799,User 10799,user10799@company.com,+1-817-3959,10799,login,2025-03-06 07:00:00Z
10800,User 10800,user10800@company.com,+1-387-3770,10800,view,2025-03-06 03:00:00
10801,User 10801,user10801@company.com,+1-540-1745,10801,logout,2025-03-06 09:00:00Z
10802,User 10802,user10802@company.com,+1-474-7600,10802,login,2025-03-06 10:00:00Z
10803,User 10803,user10803@company.com,+1-433-8567,10803,login,2025-03-06 11:00:00Z
10804,User 10804,user10804@company.com,+1-898-9248,10804,view,2025-03-06 07:00:00
10805,User 10805,user10805@company.com,+1-255-4773,10805,view,2025-03-06 08:00:00
10806,User 10806,user10806@company.com,260-8857,1010805,purchase,2025-03-06 14:00:00Z
10807,User 10807,user10807@company.com,+1-289-8874,10807,view,2025-03-06 15:00:00Z
10808,,user10808@company.com,,10808,,
10809,User 10809,user10809@company.com,+1-544-9246,10809,login,2025-03-06 17:00:00Z
10810,User 10810,user10810@company.com,806-5581,10810,view,2025-03-06 18:00:00Z
10811,User 10811,user10811@company.com,+1-679-6099,10811,view,2025-03-06 19:00:00Z
10812,User 10812,user10812@company.com,+1-617-6020,10812,view,2025-03-06 20:00:00Z
10813,User 10813,user10813@company.com,+1-621-4402,10813,view,2025-03-06 21:00:00Z
10814,User 10814,user10814@company.com,+1-393-9653,10814,view,2025-03-06 22:00:00Z
10815,User 10815,user10815@company.com,+1-478-1465,10815,login,2025-03-06 18:00:00
10816,User 10816,user10816@company.com,737-3623,10816,purchase,2025-03-07 00:00:00Z
10817,,user10817@company.com,,10817,,
10818,User 10818,user10818@company.com,+1-743-1287,10818,purchase,2025-03-07 02:00:00Z
10819,,user10819@company.com,,10819,,
10820,User 10820,USER10820@COMPANY.COM,+1-718-7625,10820,view,2025-03-07 04:00:00Z
10821,User 10821,USER10821@COMPANY.COM,+1-553-3606,10821,purchase,2025-03-07 05:00:00Z
10822,User 10822,user10822@company.com,+1-404-2831,10822,purchase,2025-03-07 06:00:00Z
10823,User 10823,USER10823@COMPANY.COM,+1-924-6982,10823,view,2025-03-07 07:00:00Z
10824,User 10824,user10824@company.com,+1-720-3924,1010823,login,2025-03-07 03:00:00
10825,User 10825,user10825@company.com,315-2428,10825,view,2025-03-07 04:00:00
10826,User 10826,user10826@company.com,+1-482-6055,10826,view,2025-03-07 10:00:00Z
10827,User 10827,user10827@company.com,+1-595-9159,10827,view,2025-03-07 06:00:00
10828,User 10828,user10828@company.com,+1-879-9482,10828,logout,2025-03-07 12:00:00Z
10829,User 10829,user10829@company.com,+1-967-7195,10829,view,2025-03-07 13:00:00Z
10830,User 10830,user10830@company.com,+1-784-2723,10830,view,2025-03-07 14:00:00Z
10831,User 10831,user10831@company.com,+1-377-5871,10831,purchase,2025-03-07 15:00:00Z
10832,User 10832,user10832@company.com,+1-995-4989,10832,purchase,2025-03-07 16:00:00Z
10833,User 10833,user10833@company.com,+1-217-3867,1010832,view,2025-03-07 17:00:00Z
10834,User 10834,user10834@company.com,+1-365-1401,1010833,login,2025-03-07 18:00:00Z
10835,,user10835@company.com,,10835,,
10836,User 10836,user10836@company.com,+1-942-2243,10836,logout,2025-03-07 20:00:00Z
10837,,user10837@company.com,,10837,,
10838,User 10838,user10838@company.com,+1-519-9766,10838,login,2025-03-07 22:00:00Z
10839,User 10839,user10839@company.com,+1-217-9972,10839,view,2025-03-07 18:00:00
10840,User 10840,user10840@company.com,+1-747-2295,10840,view,2025-03-07 19:00:00
10841,User 10841,user10841@company.com,+1-428-5497,10841,purchase,2025-03-08 01:00:00Z
10842,User 10842,user10842@company.com,+1-819-7535,10842,purchase,2025-03-08 02:00:00Z
10843,User 10843,USER10843@COMPANY.COM,+1-532-3826,10843,logout,2025-03-08 03:00:00Z
10844,User 10844,user10844@company.com,918-4625,10844,view,2025-03-08 04:00:00Z
10845,User 10845,user10845@company.com,+1-484-7808,1010844,view,2025-03-08 05:00:00Z
10846,User 10846,user10846@company.com,+1-321-8959,10846,logout,2025-03-08 06:00:00Z
10847,User 10847,USER10847@COMPANY.COM,+1-809-6641,10847,purchase,2025-03-08 07:00:00Z
10848,User 10848,user10848@company.com,+1-305-7060,10848,login,2025-03-08 08:00:00Z
10849,User 10849,user10849@company.com,+1-596-2264,10849,view,2025-03-08 09:00:00Z
10850,User 10850,user10850@company.com,+1-402-5718,10850,login,2025-03-08 10:00:00Z
10851,User 10851,user10851@company.com,279-4113,10851,view,2025-03-08 11:00:00Z
10852,User 10852,user10852@company.com,+1-353-5239,10852,view,2025-03-08 12:00:00Z
10853,User 10853,user10853@company.com,+1-458-3121,10853,view,2025-03-08 13:00:00Z
10854,User 10854,user10854@company.com,519-5250,10854,view,2025-03-08 09:00:00
10855,User 10855,user10855@company.com,+1-207-3066,10855,purchase,2025-03-08 10:00:00
10856,User 10856,user10856@company.com,+1-332-3370,10856,view,2025-03-08 16:00:00Z
10857,User 10857,user10857@company.com,+1-869-7361,10857,purchase,2025-03-08 17:00:00Z
10858,User 10858,user10858@company.com,828-1949,10858,view,2025-03-08 13:00:00
10859,,user10859@company.com,,10859,,
10860,User 10860,user10860@company.com,+1-737-4159,10860,login,2025-03-08 15:00:00
10861,User 10861,user10861@company.com,+1-538-2315,10861,logout,2025-03-08 21:00:00Z
10862,User 10862,user10862@company.com,600-2517,1010861,login,2025-03-08 22:00:00Z
10863,User 10863,user10863@company.com,+1-381-5363,10863,purchase,2025-03-08 23:00:00Z
10864,User 10864,user10864@company.com,+1-532-5323,10864,view,2025-03-09 00:00:00Z
10865,,user10865@company.com,,10865,,
10866,User 10866,user10866@company.com,+1-451-3704,10866,login,2025-03-09 02:00:00Z
10867,User 10867,user10867@company.com,353-6254,10867,purchase,2025-03-08 22:00:00
10868,User 10868,user10868@company.com,+1-954-8841,10868,view,2025-03-08 23:00:00
10869,User 10869,user10869@company.com,+1-788-5986,10869,logout,2025-03-09 05:00:00Z
10870,User 10870,user10870@company.com,+1-757-9627,10870,logout,2025-03-09 06:00:00Z
10871,User 10871,user10871@company.com,+1-326-1224,10871,logout,2025-03-09 07:00:00Z
10872,User 10872,user10872@company.com,+1-354-5290,10872,login,2025-03-09 08:00:00Z
10873,User 10873,user10873@company.com,+1-489-4458,10873,logout,2025-03-09 09:00:00Z
10874,User 10874,user10874@company.com,915-8644,10874,logout,2025-03-09 10:00:00Z
10875,User 10875,user10875@company.com,+1-459-9099,10875,login,2025-03-09 11:00:00Z
10876,User 10876,user10876@company.com,885-5219,10876,logout,2025-03-09 08:00:00
10877,User 10877,user10877@company.com,+1-380-4593,10877,login,2025-03-09 13:00:00Z
10878,User 10878,user10878@company.com,+1-919-6627,10878,purchase,2025-03-09 14:00:00Z
10879,User 10879,user10879@company.com,+1-404-1875,10879,purchase,2025-03-09 15:00:00Z
10880,User 10880,user10880@company.com,+1-694-1432,1010879,logout,2025-03-09 16:00:00Z
10881,User 10881,user10881@company.com,+1-651-8981,10881,purchase,2025-03-09 17:00:00Z
10882,User 10882,user10882@company.com,903-7438,10882,login,2025-03-09 14:00:00
10883,User 10883,user10883@company.com,+1-219-3227,10883,purchase,2025-03-09 19:00:00Z
10884,User 10884,user10884@company.com,+1-819-6343,10884,login,2025-03-09 20:00:00Z
10885,User 10885,user10885@company.com,+1-856-1436,10885,logout,2025-03-09 21:00:00Z
10886,User 10886,user10886@company.com,+1-996-4552,10886,logout,2025-03-09 18:00:00
10887,User 10887,user10887@company.com,+1-811-6429,10887,view,2025-03-09 23:00:00Z
10888,,user10888@company.com,,10888,,
10889,User 10889,user10889@company.com,909-6318,10889,logout,2025-03-10 01:00:00Z
10890,User 10890,user10890@company.com,+1-210-2320,10890,logout,2025-03-10 02:00:00Z
10891,User 10891,user10891@company.com,+1-955-9370,10891,login,2025-03-09 23:00:00
10892,User 10892,user10892@company.com,+1-478-8208,10892,login,2025-03-10 04:00:00Z
10893,User 10893,user10893@company.com,223-2558,10893,view,2025-03-10 05:00:00Z
10894,User 10894,user10894@company.com,+1-234-3150,10894,view,2025-03-10 06:00:00Z
10895,User 10895,user10895@company.com,+1-874-9207,10895,purchase,2025-03-10 07:00:00Z
10896,User 10896,user10896@company.com,+1-428-2180,10896,view,2025-03-10 08:00:00Z
10897,User 10897,user10897@company.com,+1-882-8222,10897,view,2025-03-10 05:00:00
10898,User 10898,user10898@company.com,+1-964-9148,10898,view,2025-03-10 10:00:00Z
10899,User 10899,user10899@company.com,404-6229,10899,logout,2025-03-10 07:00:00
10900,User 10900,user10900@company.com,+1-458-9651,10900,view,2025-03-10 12:00:00Z
10901,User 10901,user10901@company.com,+1-936-2218,10901,login,2025-03-10 13:00:00Z
10902,User 10902,user10902@company.com,+1-388-6462,10902,purchase,2025-03-10 14:00:00Z
10903,User 10903,user10903@company.com,+1-790-2817,10903,login,2025-03-10 15:00:00Z
10904,User 10904,user10904@company.com,+1-677-6416,10904,login,2025-03-10 12:00:00
10905,User 10905,user10905@company.com,+1-950-8621,10905,logout,2025-03-10 17:00:00Z
10906,User 10906,user10906@company.com,+1-940-1212,10906,purchase,2025-03-10 18:00:00Z
10907,User 10907,user10907@company.com,892-8344,10907,login,2025-03-10 15:00:00
10908,User 10908,user10908@company.com,748-5871,10908,purchase,2025-03-10 20:00:00Z
10909,User 10909,user10909@company.com,272-5205,10909,view,2025-03-10 21:00:00Z
10910,User 10910,user10910@company.com,800-1425,10910,logout,2025-03-10 22:00:00Z
10911,User 10911,user10911@company.com,+1-611-3950,10911,logout,2025-03-10 19:00:00
10912,User 10912,user10912@company.com,+1-639-7981,10912,purchase,2025-03-11 00:00:00Z
10913,User 10913,user10913@company.com,215-2019,10913,login,2025-03-11 01:00:00Z
10914,User 10914,user10914@company.com,+1-203-1340,10914,login,2025-03-11 02:00:00Z
10915,User 10915,user10915@company.com,+1-699-1784,10915,logout,2025-03-11 03:00:00Z
10916,User 10916,user10916@company.com,+1-394-5288,10916,logout,2025-03-11 04:00:00Z
10917,User 10917,user10917@company.com,+1-699-6595,10917,purchase,2025-03-11 01:00:00
10918,User 10918,user10918@company.com,+1-873-1556,10918,view,2025-03-11 06:00:00Z
10919,,user10919@company.com,,10919,,
10920,User 10920,user10920@company.com,+1-282-7846,10920,view,2025-03-11 08:00:00Z
10921,User 10921,user10921@company.com,+1-609-2168,10921,view,2025-03-11 09:00:00Z
10922,User 10922,user10922@company.com,+1-319-8840,10922,logout,2025-03-11 10:00:00Z
10923,User 10923,user10923@company.com,+1-734-5644,10923,login,2025-03-11 11:00:00Z
10924,User 10924,user10924@company.com,531-1171,10924,view,2025-03-11 08:00:00
10925,User 10925,user10925@company.com,+1-480-4635,10925,purchase,2025-03-11 13:00:00Z
10926,User 10926,user10926@company.com,550-6950,10926,view,2025-03-11 14:00:00Z
10927,User 10927,user10927@company.com,+1-354-5706,1010926,login,2025-03-11 15:00:00Z
10928,User 10928,user10928@company.com,+1-431-6945,10928,logout,2025-03-11 16:00:00Z
10929,User 10929,user10929@company.com,644-1455,10929,view,2025-03-11 17:00:00Z
10930,,user10930@company.com,,10930,,
10931,User 10931,user10931@company.com,+1-287-7592,10931,purchase,2025-03-11 19:00:00Z
10932,User 10932,user10932@company.com,+1-452-7790,10932,view,2025-03-11 20:00:00Z
10933,User 10933,user10933@company.com,643-8679,1010932,purchase,2025-03-11 21:00:00Z
10934,User 10934,user10934@company.com,+1-659-4443,10934,logout,2025-03-11 22:00:00Z
10935,User 10935,user10935@company.com,+1-619-5319,10935,logout,2025-03-11 23:00:00Z
10936,,user10936@company.com,,10936,,
10937,User 10937,user10937@company.com,+1-439-2569,10937,view,2025-03-12 01:00:00Z
10938,User 10938,user10938@company.com,+1-965-6744,10938,purchase,2025-03-12 02:00:00Z
10939,User 10939,user10939@company.com,+1-551-6160,10939,logout,2025-03-11 23:00:00
10940,User 10940,user10940@company.com,+1-681-4112,10940,login,2025-03-12 04:00:00Z
10941,User 10941,user10941@company.com,+1-290-4867,10941,logout,2025-03-12 05:00:00Z
10942,User 10942,user10942@company.com,860-7918,10942,login,2025-03-12 06:00:00Z
10943,User 10943,user10943@company.com,744-7671,1010942,view,2025-03-12 03:00:00
10944,User 10944,user10944@company.com,+1-484-5760,10944,login,2025-03-12 08:00:00Z
10945,User 10945,user10945@company.com,+1-593-6424,10945,logout,2025-03-12 09:00:00Z
10946,User 10946,user10946@company.com,+1-868-9108,10946,login,2025-03-12 10:00:00Z
10947,User 10947,user10947@company.com,+1-761-1226,10947,view,2025-03-12 11:00:00Z
10948,User 10948,user10948@company.com,+1-417-7620,10948,logout,2025-03-12 08:00:00
10949,User 10949,user10949@company.com,+1-207-8414,10949,login,2025-03-12 13:00:00Z
10950,User 10950,user10950@company.com,+1-794-9342,10950,view,2025-03-12 10:00:00
10951,User 10951,user10951@company.com,+1-776-4235,10951,purchase,2025-03-12 15:00:00Z
10952,User 10952,USER10952@COMPANY.COM,+1-513-4839,10952,purchase,2025-03-12 12:00:00
10953,User 10953,user10953@company.com,+1-798-6588,10953,login,2025-03-12 17:00:00Z
10954,User 10954,user10954@company.com,+1-803-5163,10954,view,2025-03-12 14:00:00
10955,User 10955,user10955@company.com,288-9545,10955,view,2025-03-12 19:00:00Z
10956,User 10956,user10956@company.com,+1-990-3342,10956,logout,2025-03-12 16:00:00
10957,,user10957@company.com,,10957,,
10958,User 10958,user10958@company.com,+1-755-6972,10958,view,2025-03-12 18:00:00
10959,User 10959,user10959@company.com,+1-209-9432,10959,login,2025-03-12 23:00:00Z
10960,User 10960,user10960@company.com,+1-700-9886,10960,view,2025-03-12 20:00:00
10961,User 10961,user10961@company.com,+1-245-1306,10961,view,2025-03-12 21:00:00
10962,User 10962,user10962@company.com,516-1095,10962,logout,2025-03-13 02:00:00Z
10963,User 10963,user10963@company.com,+1-702-4390,10963,purchase,2025-03-13 03:00:00Z
10964,User 10964,user10964@company.com,+1-224-5842,10964,logout,2025-03-13 04:00:00Z
10965,User 10965,user10965@company.com,+1-972-4351,10965,logout,2025-03-13 05:00:00Z
10966,,user10966@company.com,,10966,,
10967,User 10967,user10967@company.com,+1-613-7052,10967,view,2025-03-13 07:00:00Z
10968,User 10968,user10968@company.com,+1-393-4722,10968,logout,2025-03-13 08:00:00Z
10969,,user10969@company.com,,10969,,
10970,User 10970,user10970@company.com,+1-292-1408,10970,view,2025-03-13 06:00:00
10971,User 10971,user10971@company.com,+1-865-6858,10971,view,2025-03-13 11:00:00Z
10972,User 10972,USER10972@COMPANY.COM,+1-719-7236,1010971,logout,2025-03-13 08:00:00
10973,User 10973,user10973@company.com,308-8826,10973,view,2025-03-13 13:00:00Z
10974,User 10974,user10974@company.com,+1-285-8930,1010973,view,2025-03-13 14:00:00Z
10975,User 10975,user10975@company.com,+1-990-2564,10975,purchase,2025-03-13 15:00:00Z
10976,User 10976,user10976@company.com,+1-984-3967,10976,logout,2025-03-13 16:00:00Z
10977,User 10977,user10977@company.com,+1-726-8980,10977,logout,2025-03-13 13:00:00
10978,User 10978,user10978@company.com,+1-934-6545,10978,logout,2025-03-13 18:00:00Z
10979,User 10979,user10979@company.com,+1-948-1964,10979,purchase,2025-03-13 19:00:00Z
10980,User 10980,user10980@company.com,+1-854-4897,10980,login,2025-03-13 16:00:00
10981,User 10981,user10981@company.com,694-7270,10981,login,2025-03-13 21:00:00Z
10982,User 10982,user10982@company.com,471-5175,10982,logout,2025-03-13 22:00:00Z
10983,User 10983,user10983@company.com,414-8314,10983,view,2025-03-13 23:00:00Z
10984,User 10984,user10984@company.com,+1-782-5182,10984,logout,2025-03-14 00:00:00Z
10985,User 10985,user10985@company.com,+1-333-7334,10985,view,2025-03-14 01:00:00Z
10986,User 10986,USER10986@COMPANY.COM,+1-620-7850,10986,login,2025-03-14 02:00:00Z
10987,User 10987,user10987@company.com,+1-626-4515,1010986,view,2025-03-13 23:00:00
10988,User 10988,user10988@company.com,378-3306,10988,login,2025-03-14 04:00:00Z
10989,User 10989,user10989@company.com,+1-745-4072,10989,view,2025-03-14 05:00:00Z
10990,,user10990@company.com,,10990,,
10991,,user10991@company.com,,10991,,
10992,User 10992,user10992@company.com,+1-625-7505,10992,view,2025-03-14 08:00:00Z
10993,User 10993,user10993@company.com,+1-945-8580,1010992,logout,2025-03-14 09:00:00Z
10994,User 10994,user10994@company.com,381-1936,10994,login,2025-03-14 10:00:00Z
10995,User 10995,user10995@company.com,+1-332-9748,1010994,view,2025-03-14 07:00:00
10996,,user10996@company.com,,10996,,
10997,User 10997,user10997@company.com,+1-594-2208,10997,logout,2025-03-14 13:00:00Z
10998,User 10998,user10998@company.com,+1-529-5604,10998,logout,2025-03-14 10:00:00
10999,User 10999,user10999@company.com,+1-376-5705,10999,login,2025-03-14 15:00:00Z
11000,User 11000,user11000@company.com,+1-335-1975,11000,logout,2025-03-14 16:00:00Z
11001,User 11001,user11001@company.com,+1-534-7578,1011000,view,2025-03-14 17:00:00Z
11002,User 11002,user11002@company.com,+1-854-5945,11002,view,2025-03-14 18:00:00Z
11003,User 11003,user11003@company.com,+1-936-4044,11003,logout,2025-03-14 19:00:00Z
11004,User 11004,user11004@company.com,+1-457-8810,11004,purchase,2025-03-14 20:00:00Z
11005,User 11005,user11005@company.com,+1-229-7960,11005,logout,2025-03-14 21:00:00Z
11006,User 11006,user11006@company.com,+1-538-9330,11006,login,2025-03-14 22:00:00Z
11007,User 11007,user11007@company.com,+1-613-2708,11007,logout,2025-03-14 19:00:00
11008,User 11008,user11008@company.com,+1-811-9213,11008,logout,2025-03-15 00:00:00Z
11009,,user11009@company.com,,11009,,
11010,User 11010,user11010@company.com,336-3361,11010,view,2025-03-15 02:00:00Z
11011,User 11011,user11011@company.com,+1-993-2338,11011,purchase,2025-03-15 03:00:00Z
11012,User 11012,user11012@company.com,+1-627-1432,11012,view,2025-03-15 04:00:00Z
11013,User 11013,user11013@company.com,+1-537-8255,11013,login,2025-03-15 05:00:00Z
11014,User 11014,user11014@company.com,247-9016,11014,logout,2025-03-15 06:00:00Z
11015,User 11015,user11015@company.com,954-4674,11015,purchase,2025-03-15 03:00:00
11016,User 11016,user11016@company.com,933-8987,11016,login,2025-03-15 08:00:00Z
11017,User 11017,user11017@company.com,+1-888-6721,11017,logout,2025-03-15 05:00:00
11018,User 11018,user11018@company.com,+1-647-7020,11018,view,2025-03-15 06:00:00
11019,User 11019,user11019@company.com,+1-366-4860,1011018,login,2025-03-15 11:00:00Z
11020,,user11020@company.com,,11020,,
11021,User 11021,user11021@company.com,+1-896-3045,11021,logout,2025-03-15 13:00:00Z
11022,User 11022,user11022@company.com,+1-276-6627,11022,purchase,2025-03-15 14:00:00Z
11023,User 11023,user11023@company.com,+1-617-1054,11023,login,2025-03-15 11:00:00
11024,User 11024,user11024@company.com,+1-894-4267,11024,login,2025-03-15 16:00:00Z
11025,User 11025,user11025@company.com,+1-476-2532,11025,view,2025-03-15 17:00:00Z
11026,User 11026,user11026@company.com,+1-507-9188,11026,login,2025-03-15 18:00:00Z
11027,User 11027,user11027@company.com,+1-397-8754,11027,purchase,2025-03-15 19:00:00Z
11028,User 11028,user11028@company.com,+1-912-5679,11028,login,2025-03-15 20:00:00Z
11029,User 11029,user11029@company.com,+1-679-5870,11029,logout,2025-03-15 21:00:00Z
11030,User 11030,user11030@company.com,+1-431-9975,11030,login,2025-03-15 22:00:00Z
11031,User 11031,user11031@company.com,+1-225-1050,11031,login,2025-03-15 19:00:00
11032,User 11032,user11032@company.com,+1-559-4922,11032,purchase,2025-03-16 00:00:00Z
11033,User 11033,user11033@company.com,+1-224-9040,11033,purchase,2025-03-16 01:00:00Z
11034,User 11034,user11034@company.com,+1-891-9092,11034,purchase,2025-03-16 02:00:00Z
11035,User 11035,user11035@company.com,+1-944-3438,11035,logout,2025-03-15 23:00:00
11036,,user11036@company.com,,11036,,
11037,User 11037,user11037@company.com,+1-625-6777,11037,logout,2025-03-16 05:00:00Z
11038,User 11038,user11038@company.com,+1-649-6362,11038,view,2025-03-16 06:00:00Z
11039,User 11039,user11039@company.com,+1-802-4988,11039,login,2025-03-16 03:00:00
11040,User 11040,user11040@company.com,+1-904-3030,11040,purchase,2025-03-16 08:00:00Z
11041,User 11041,user11041@company.com,+1-270-7447,11041,logout,2025-03-16 09:00:00Z
11042,User 11042,user11042@company.com,+1-977-5826,11042,logout,2025-03-16 06:00:00
11043,,user11043@company.com,,11043,,
11044,User 11044,user11044@company.com,+1-759-7013,11044,view,2025-03-16 08:00:00
11045,User 11045,user11045@company.com,+1-626-2602,1011044,view,2025-03-16 09:00:00
11046,User 11046,user11046@company.com,+1-886-4451,11046,view,2025-03-16 14:00:00Z
11047,User 11047,user11047@company.com,+1-516-2458,11047,purchase,2025-03-16 15:00:00Z
11048,,user11048@company.com,,11048,,
11049,User 11049,user11049@company.com,+1-225-3438,1011048,login,2025-03-16 17:00:00Z
11050,User 11050,user11050@company.com,+1-956-3552,11050,view,2025-03-16 18:00:00Z
11051,User 11051,user11051@company.com,+1-289-2398,1011050,purchase,2025-03-16 19:00:00Z
11052,User 11052,user11052@company.com,966-5315,11052,logout,2025-03-16 20:00:00Z
11053,User 11053,user11053@company.com,+1-667-2801,11053,view,2025-03-16 21:00:00Z
11054,User 11054,user11054@company.com,228-6807,11054,view,2025-03-16 22:00:00Z
11055,User 11055,user11055@company.com,+1-947-5166,11055,logout,2025-03-16 23:00:00Z
11056,User 11056,user11056@company.com,+1-736-6189,11056,login,2025-03-16 20:00:00
11057,User 11057,user11057@company.com,232-9694,11057,logout,2025-03-17 01:00:00Z
11058,User 11058,user11058@company.com,+1-684-7257,11058,view,2025-03-17 02:00:00Z
11059,User 11059,user11059@company.com,651-5995,11059,purchase,2025-03-17 03:00:00Z
11060,User 11060,user11060@company.com,+1-456-8451,1011059,logout,2025-03-17 00:00:00
11061,User 11061,user11061@company.com,760-1726,11061,login,2025-03-17 01:00:00
11062,User 11062,user11062@company.com,569-3575,11062,view,2025-03-17 06:00:00Z
11063,User 11063,user11063@company.com,+1-568-9714,11063,login,2025-03-17 07:00:00Z
11064,User 11064,user11064@company.com,587-3410,11064,logout,2025-03-17 08:00:00Z
11065,User 11065,user11065@company.com,+1-525-3796,11065,purchase,2025-03-17 09:00:00Z
11066,User 11066,user11066@company.com,+1-675-2288,11066,purchase,2025-03-17 06:00:00
11067,User 11067,user11067@company.com,+1-416-2460,11067,login,2025-03-17 11:00:00Z
11068,User 11068,user11068@company.com,473-1992,11068,view,2025-03-17 12:00:00Z
11069,User 11069,user11069@company.com,814-8863,11069,logout,2025-03-17 09:00:00
11070,User 11070,user11070@company.com,457-6551,11070,purchase,2025-03-17 14:00:00Z
11071,User 11071,user11071@company.com,+1-204-9701,11071,purchase,2025-03-17 15:00:00Z
11072,User 11072,user11072@company.com,+1-262-4521,11072,view,2025-03-17 12:00:00
11073,User 11073,user11073@company.com,+1-608-9237,11073,purchase,2025-03-17 17:00:00Z
11074,User 11074,user11074@company.com,+1-577-5108,11074,purchase,2025-03-17 18:00:00Z
11075,User 11075,user11075@company.com,406-3032,11075,purchase,2025-03-17 19:00:00Z
11076,User 11076,user11076@company.com,+1-261-7869,11076,logout,2025-03-17 20:00:00Z
11077,,user11077@company.com,,11077,,
11078,User 11078,user11078@company.com,+1-391-9606,11078,purchase,2025-03-17 22:00:00Z
11079,User 11079,user11079@company.com,+1-979-5251,11079,view,2025-03-17 23:00:00Z
11080,User 11080,user11080@company.com,+1-225-2182,11080,view,2025-03-18 00:00:00Z
11081,User 11081,user11081@company.com,+1-758-1728,11081,view,2025-03-18 01:00:00Z
11082,User 11082,user11082@company.com,629-2039,1011081,logout,2025-03-18 02:00:00Z
11083,User 11083,user11083@company.com,+1-428-6665,11083,purchase,2025-03-18 03:00:00Z
11084,User 11084,user11084@company.com,+1-541-7385,11084,logout,2025-03-18 04:00:00Z
11085,User 11085,user11085@company.com,+1-233-9064,11085,purchase,2025-03-18 05:00:00Z
11086,,user11086@company.com,,11086,,
11087,User 11087,user11087@company.com,749-5831,11087,purchase,2025-03-18 07:00:00Z
11088,User 11088,user11088@company.com,+1-996-8462,11088,login,2025-03-18 04:00:00
11089,User 11089,user11089@company.com,+1-750-3639,11089,logout,2025-03-18 05:00:00
11090,User 11090,USER11090@COMPANY.COM,+1-605-7204,11090,purchase,2025-03-18 10:00:00Z
11091,,user11091@company.com,,11091,,
11092,User 11092,user11092@company.com,+1-622-4826,11092,logout,2025-03-18 12:00:00Z
11093,User 11093,user11093@company.com,+1-227-8143,11093,purchase,2025-03-18 13:00:00Z
11094,User 11094,user11094@company.com,+1-784-1269,11094,login,2025-03-18 14:00:00Z
11095,User 11095,user11095@company.com,910-8074,11095,logout,2025-03-18 15:00:00Z
11096,User 11096,user11096@company.com,+1-753-7721,11096,purchase,2025-03-18 16:00:00Z
11097,,user11097@company.com,,11097,,
11098,User 11098,user11098@company.com,+1-695-9157,11098,logout,2025-03-18 14:00:00
11099,User 11099,user11099@company.com,+1-933-1648,11099,purchase,2025-03-18 19:00:00Z
11100,User 11100,user11100@company.com,333-5556,11100,logout,2025-03-18 20:00:00Z
11101,User 11101,user11101@company.com,+1-294-2794,11101,login,2025-03-18 21:00:00Z
11102,User 11102,user11102@company.com,+1-523-8639,1011101,purchase,2025-03-18 22:00:00Z
11103,User 11103,user11103@company.com,+1-400-9761,11103,view,2025-03-18 23:00:00Z
11104,User 11104,USER11104@COMPANY.COM,+1-290-3967,11104,purchase,2025-03-19 00:00:00Z
11105,User 11105,user11105@company.com,424-4072,11105,view,2025-03-19 01:00:00Z
11106,User 11106,user11106@company.com,+1-494-7673,11106,logout,2025-03-19 02:00:00Z
11107,User 11107,user11107@company.com,+1-586-4034,11107,purchase,2025-03-19 03:00:00Z
11108,User 11108,user11108@company.com,+1-221-1380,11108,purchase,2025-03-19 04:00:00Z
11109,User 11109,user11109@company.com,+1-997-2144,11109,view,2025-03-19 05:00:00Z
11110,User 11110,user11110@company.com,+1-814-5997,11110,logout,2025-03-19 06:00:00Z
11111,User 11111,USER11111@COMPANY.COM,325-4093,11111,view,2025-03-19 03:00:00
11112,User 11112,USER11112@COMPANY.COM,+1-894-4828,11112,login,2025-03-19 08:00:00Z
11113,User 11113,user11113@company.com,+1-704-8973,11113,view,2025-03-19 09:00:00Z
11114,User 11114,user11114@company.com,+1-893-1524,11114,logout,2025-03-19 10:00:00Z
11115,User 11115,user11115@company.com,+1-682-2822,11115,view,2025-03-19 11:00:00Z
11116,User 11116,user11116@company.com,+1-654-7717,11116,logout,2025-03-19 12:00:00Z
11117,User 11117,user11117@company.com,+1-270-7730,11117,logout,2025-03-19 13:00:00Z
11118,User 11118,user11118@company.com,+1-516-6932,11118,logout,2025-03-19 14:00:00Z
11119,User 11119,user11119@company.com,969-7048,11119,purchase,2025-03-19 15:00:00Z
11120,User 11120,user11120@company.com,+1-717-2425,11120,login,2025-03-19 16:00:00Z
11121,User 11121,user11121@company.com,+1-230-9575,11121,purchase,2025-03-19 17:00:00Z
11122,,user11122@company.com,,11122,,
11123,User 11123,user11123@company.com,+1-580-1392,11123,view,2025-03-19 19:00:00Z
11124,User 11124,user11124@company.com,+1-947-9840,11124,view,2025-03-19 20:00:00Z
11125,User 11125,user11125@company.com,+1-377-5025,11125,purchase,2025-03-19 21:00:00Z
11126,User 11126,user11126@company.com,+1-844-6329,11126,login,2025-03-19 22:00:00Z
11127,User 11127,user11127@company.com,+1-633-3977,11127,purchase,2025-03-19 23:00:00Z
11128,User 11128,user11128@company.com,+1-579-1969,11128,view,2025-03-20 00:00:00Z
11129,User 11129,user11129@company.com,+1-772-2691,11129,purchase,2025-03-19 21:00:00
11130,User 11130,user11130@company.com,384-6052,11130,logout,2025-03-20 02:00:00Z
11131,User 11131,user11131@company.com,+1-764-7119,11131,login,2025-03-20 03:00:00Z
11132,User 11132,user11132@company.com,334-7957,11132,login,2025-03-20 04:00:00Z
11133,User 11133,user11133@company.com,+1-301-4857,11133,view,2025-03-20 01:00:00
11134,User 11134,user11134@company.com,+1-228-7887,11134,purchase,2025-03-20 02:00:00
11135,User 11135,user11135@company.com,760-4524,11135,logout,2025-03-20 07:00:00Z
11136,User 11136,user11136@company.com,+1-913-2529,11136,login,2025-03-20 08:00:00Z
11137,User 11137,user11137@company.com,+1-209-4906,11137,logout,2025-03-20 05:00:00
11138,User 11138,user11138@company.com,+1-349-8568,11138,logout,2025-03-20 10:00:00Z
11139,User 11139,user11139@company.com,+1-421-3465,11139,login,2025-03-20 11:00:00Z
11140,User 11140,user11140@company.com,+1-216-1317,11140,login,2025-03-20 12:00:00Z
11141,User 11141,user11141@company.com,+1-246-7178,11141,logout,2025-03-20 09:00:00
11142,User 11142,user11142@company.com,+1-648-9863,11142,login,2025-03-20 14:00:00Z
11143,User 11143,user11143@company.com,877-9750,11143,logout,2025-03-20 15:00:00Z
11144,User 11144,user11144@company.com,599-9310,11144,login,2025-03-20 12:00:00
11145,User 11145,user11145@company.com,+1-509-1189,11145,login,2025-03-20 17:00:00Z
11146,User 11146,user11146@company.com,503-2079,1011145,login,2025-03-20 18:00:00Z
11147,User 11147,user11147@company.com,868-7393,11147,purchase,2025-03-20 15:00:00
11148,User 11148,user11148@company.com,+1-738-9598,11148,view,2025-03-20 16:00:00
11149,User 11149,user11149@company.com,+1-764-3859,11149,purchase,2025-03-20 21:00:00Z
11150,User 11150,user11150@company.com,+1-238-3053,11150,logout,2025-03-20 22:00:00Z
11151,User 11151,user11151@company.com,+1-682-5136,11151,login,2025-03-20 23:00:00Z
11152,User 11152,user11152@company.com,+1-312-9288,11152,purchase,2025-03-21 00:00:00Z
11153,User 11153,user11153@company.com,+1-672-8904,11153,logout,2025-03-20 21:00:00
11154,User 11154,user11154@company.com,+1-775-5419,11154,login,2025-03-21 02:00:00Z
11155,User 11155,user11155@company.com,+1-958-3878,11155,logout,2025-03-21 03:00:00Z
11156,User 11156,user11156@company.com,+1-764-6039,11156,purchase,2025-03-21 04:00:00Z
11157,User 11157,user11157@company.com,+1-312-5409,1011156,view,2025-03-21 05:00:00Z
11158,User 11158,user11158@company.com,+1-316-7589,11158,view,2025-03-21 06:00:00Z
11159,User 11159,user11159@company.com,941-4751,11159,login,2025-03-21 07:00:00Z
11160,User 11160,user11160@company.com,+1-835-7012,11160,login,2025-03-21 08:00:00Z
11161,User 11161,user11161@company.com,+1-750-1648,1011160,view,2025-03-21 05:00:00
11162,User 11162,user11162@company.com,741-1707,11162,logout,2025-03-21 10:00:00Z
11163,User 11163,user11163@company.com,645-7034,11163,logout,2025-03-21 11:00:00Z
11164,User 11164,user11164@company.com,+1-414-1731,11164,login,2025-03-21 12:00:00Z
11165,User 11165,user11165@company.com,862-3350,11165,view,2025-03-21 13:00:00Z
11166,User 11166,user11166@company.com,+1-917-9238,11166,view,2025-03-21 10:00:00
11167,User 11167,user11167@company.com,+1-713-7708,11167,login,2025-03-21 15:00:00Z
11168,User 11168,user11168@company.com,+1-745-7814,11168,logout,2025-03-21 16:00:00Z
11169,User 11169,user11169@company.com,+1-947-2290,11169,login,2025-03-21 17:00:00Z
11170,User 11170,user11170@company.com,+1-391-6785,11170,view,2025-03-21 18:00:00Z
11171,User 11171,user11171@company.com,+1-829-5830,11171,logout,2025-03-21 15:00:00
11172,User 11172,user11172@company.com,+1-229-1896,11172,login,2025-03-21 20:00:00Z
11173,User 11173,user11173@company.com,741-7470,11173,login,2025-03-21 21:00:00Z
11174,User 11174,user11174@company.com,+1-474-9125,11174,view,2025-03-21 18:00:00
11175,User 11175,user11175@company.com,615-2830,11175,view,2025-03-21 23:00:00Z
11176,User 11176,user11176@company.com,+1-917-5582,11176,purchase,2025-03-21 20:00:00
11177,User 11177,user11177@company.com,+1-309-9539,11177,login,2025-03-22 01:00:00Z
11178,User 11178,user11178@company.com,+1-847-2516,11178,view,2025-03-22 02:00:00Z
11179,User 11179,user11179@company.com,+1-702-6772,11179,view,2025-03-22 03:00:00Z
11180,User 11180,user11180@company.com,+1-519-9438,11180,purchase,2025-03-22 04:00:00Z
11181,,user11181@company.com,,11181,,
11182,User 11182,user11182@company.com,+1-484-9977,11182,login,2025-03-22 06:00:00Z
11183,User 11183,user11183@company.com,741-9311,11183,view,2025-03-22 07:00:00Z
11184,User 11184,user11184@company.com,+1-486-5816,11184,purchase,2025-03-22 08:00:00Z
11185,User 11185,user11185@company.com,+1-901-1962,11185,login,2025-03-22 09:00:00Z
11186,,user11186@company.com,,11186,,
11187,User 11187,user11187@company.com,+1-896-8646,11187,logout,2025-03-22 11:00:00Z
11188,User 11188,user11188@company.com,+1-539-4159,11188,logout,2025-03-22 12:00:00Z
11189,User 11189,user11189@company.com,+1-245-1684,11189,login,2025-03-22 13:00:00Z
11190,User 11190,user11190@company.com,200-8170,11190,purchase,2025-03-22 14:00:00Z
11191,User 11191,user11191@company.com,+1-808-1337,11191,purchase,2025-03-22 11:00:00
11192,User 11192,user11192@company.com,+1-770-2033,11192,purchase,2025-03-22 16:00:00Z
11193,User 11193,USER11193@COMPANY.COM,+1-353-6119,11193,purchase,2025-03-22 17:00:00Z
11194,User 11194,user11194@company.com,+1-557-6100,11194,logout,2025-03-22 18:00:00Z
11195,User 11195,user11195@company.com,+1-275-7720,11195,view,2025-03-22 19:00:00Z
11196,User 11196,user11196@company.com,+1-748-7338,11196,login,2025-03-22 20:00:00Z
11197,User 11197,user11197@company.com,716-4326,11197,logout,2025-03-22 21:00:00Z
11198,User 11198,user11198@company.com,590-2330,11198,view,2025-03-22 22:00:00Z
11199,User 11199,user11199@company.com,+1-904-7962,11199,login,2025-03-22 19:00:00
